-- MySQL dump 10.13  Distrib 8.0.20, for Win64 (x86_64)
--
-- Host: localhost    Database: vk
-- ------------------------------------------------------
-- Server version	8.0.20

/*!40101 SET @OLD_CHARACTER_SET_CLIENT=@@CHARACTER_SET_CLIENT */;
/*!40101 SET @OLD_CHARACTER_SET_RESULTS=@@CHARACTER_SET_RESULTS */;
/*!40101 SET @OLD_COLLATION_CONNECTION=@@COLLATION_CONNECTION */;
/*!50503 SET NAMES utf8mb4 */;
/*!40103 SET @OLD_TIME_ZONE=@@TIME_ZONE */;
/*!40103 SET TIME_ZONE='+00:00' */;
/*!40014 SET @OLD_UNIQUE_CHECKS=@@UNIQUE_CHECKS, UNIQUE_CHECKS=0 */;
/*!40014 SET @OLD_FOREIGN_KEY_CHECKS=@@FOREIGN_KEY_CHECKS, FOREIGN_KEY_CHECKS=0 */;
/*!40101 SET @OLD_SQL_MODE=@@SQL_MODE, SQL_MODE='NO_AUTO_VALUE_ON_ZERO' */;
/*!40111 SET @OLD_SQL_NOTES=@@SQL_NOTES, SQL_NOTES=0 */;

--
-- Table structure for table `communities`
--

DROP TABLE IF EXISTS `communities`;
/*!40101 SET @saved_cs_client     = @@character_set_client */;
/*!50503 SET character_set_client = utf8mb4 */;
CREATE TABLE `communities` (
  `id` int unsigned NOT NULL AUTO_INCREMENT COMMENT '╨Ш╨┤╨╡╨╜╤В╨╕╤Д╨╕╨║╨░╤В╨╛╤А ╤Б╤А╨╛╨║╨╕',
  `name` varchar(150) CHARACTER SET utf8 COLLATE utf8_unicode_ci NOT NULL COMMENT '╨Э╨░╨╖╨▓╨░╨╜╨╕╨╡ ╨│╤А╤Г╨┐╨┐╤Л',
  `created_at` datetime DEFAULT CURRENT_TIMESTAMP COMMENT '╨Т╤А╨╡╨╝╤П ╤Б╨╛╨╖╨┤╨░╨╜╨╕╤П ╤Б╤В╤А╨╛╨║╨╕',
  `updated_at` datetime DEFAULT CURRENT_TIMESTAMP ON UPDATE CURRENT_TIMESTAMP COMMENT '╨Т╤А╨╡╨╝╤П ╨╛╨▒╨╜╨╛╨▓╨╗╨╡╨╜╨╕╤П ╤Б╤В╤А╨╛╨║╨╕',
  PRIMARY KEY (`id`),
  UNIQUE KEY `name` (`name`)
) ENGINE=InnoDB AUTO_INCREMENT=13 DEFAULT CHARSET=utf8 COLLATE=utf8_unicode_ci COMMENT='╨У╤А╤Г╨┐╨┐╤Л';
/*!40101 SET character_set_client = @saved_cs_client */;

--
-- Dumping data for table `communities`
--

LOCK TABLES `communities` WRITE;
/*!40000 ALTER TABLE `communities` DISABLE KEYS */;
INSERT INTO `communities` VALUES (1,'Group','2020-06-25 22:07:18','2020-06-25 22:07:18'),(2,'party','2020-06-25 22:07:18','2020-06-25 22:07:18'),(3,'etc','2020-06-25 22:07:18','2020-06-25 22:07:18'),(4,'friends','2020-06-25 22:07:18','2020-06-25 22:07:18'),(5,'trucks','2020-06-25 22:07:18','2020-06-25 22:07:18'),(6,'puppy','2020-06-25 22:07:18','2020-06-25 22:07:18'),(7,'yammy','2020-06-25 22:07:18','2020-06-25 22:07:18'),(8,'bubbles','2020-06-25 22:07:18','2020-06-25 22:07:18'),(9,'firststep','2020-06-25 22:07:18','2020-06-25 22:07:18'),(10,'blackswan','2020-06-25 22:07:18','2020-06-25 22:07:18'),(11,'happypeople','2020-06-25 22:07:18','2020-06-25 22:07:18'),(12,'jam','2020-06-25 22:07:18','2020-06-25 22:07:18');
/*!40000 ALTER TABLE `communities` ENABLE KEYS */;
UNLOCK TABLES;

--
-- Table structure for table `communities_users`
--

DROP TABLE IF EXISTS `communities_users`;
/*!40101 SET @saved_cs_client     = @@character_set_client */;
/*!50503 SET character_set_client = utf8mb4 */;
CREATE TABLE `communities_users` (
  `community_id` int unsigned NOT NULL COMMENT '╨б╤Б╤Л╨╗╨║╨░ ╨╜╨░ ╨│╤А╤Г╨┐╨┐╤Г',
  `user_id` int unsigned NOT NULL COMMENT '╨б╤Б╤Л╨╗╨║╨░ ╨╜╨░ ╨┐╨╛╨╗╤М╨╖╨╛╨▓╨░╤В╨╡╨╗╤П',
  `created_at` datetime DEFAULT CURRENT_TIMESTAMP COMMENT '╨Т╤А╨╡╨╝╤П ╤Б╨╛╨╖╨┤╨░╨╜╨╕╤П ╤Б╤В╤А╨╛╨║╨╕',
  PRIMARY KEY (`community_id`,`user_id`) COMMENT '╨б╨╛╤Б╤В╨░╨▓╨╜╨╛╨╣ ╨┐╨╡╤А╨▓╨╕╤З╨╜╤Л╨╣ ╨║╨╗╤О╤З'
) ENGINE=InnoDB DEFAULT CHARSET=utf8 COLLATE=utf8_unicode_ci COMMENT='╨г╤З╨░╤Б╤В╨╜╨╕╨║╨╕ ╨│╤А╤Г╨┐╨┐, ╤Б╨▓╤П╨╖╤М ╨╝╨╡╨╢╨┤╤Г ╨┐╨╛╨╗╤М╨╖╨╛╨▓╨░╤В╨╡╨╗╤П╨╝╨╕ ╨╕ ╨│╤А╤Г╨┐╨┐╨░╨╝╨╕';
/*!40101 SET character_set_client = @saved_cs_client */;

--
-- Dumping data for table `communities_users`
--

LOCK TABLES `communities_users` WRITE;
/*!40000 ALTER TABLE `communities_users` DISABLE KEYS */;
INSERT INTO `communities_users` VALUES (1,14,'2015-11-03 13:52:51'),(1,20,'2019-07-04 20:22:04'),(1,48,'1985-02-10 11:59:03'),(1,53,'2002-02-25 11:58:43'),(1,54,'1995-04-21 03:32:58'),(1,69,'1992-04-14 04:36:46'),(1,82,'1994-04-17 15:19:55'),(1,100,'2001-10-19 12:16:54'),(2,7,'1982-04-19 03:05:40'),(2,21,'1990-03-28 05:11:29'),(2,24,'1991-10-24 13:38:23'),(2,25,'2003-05-25 19:08:49'),(2,28,'1989-08-08 14:40:36'),(2,56,'1986-09-27 02:43:45'),(2,59,'2001-03-31 04:26:15'),(2,72,'2016-12-21 03:05:54'),(2,76,'1985-09-06 14:44:15'),(2,83,'1996-05-29 19:56:59'),(2,86,'1996-09-05 17:39:40'),(3,9,'1976-10-19 08:27:56'),(3,39,'1988-06-11 06:52:11'),(3,47,'2011-12-08 05:50:20'),(3,57,'2006-11-10 10:05:29'),(3,66,'2010-04-27 01:38:37'),(3,68,'2014-04-14 19:13:13'),(3,75,'1983-03-12 01:29:44'),(3,83,'1982-11-16 05:15:40'),(3,94,'2018-01-17 04:29:26'),(4,35,'1987-05-20 13:24:52'),(4,37,'1984-04-12 03:06:49'),(4,42,'1971-05-25 12:24:20'),(4,57,'1974-05-27 04:23:55'),(4,63,'2011-05-04 22:36:39'),(4,74,'1975-11-02 11:29:17'),(4,79,'2002-09-30 21:11:35'),(4,98,'1973-04-17 18:14:26'),(5,7,'1997-11-08 13:05:13'),(5,18,'1990-11-16 08:43:13'),(5,24,'1999-02-10 00:13:40'),(5,47,'1977-10-24 03:53:07'),(5,52,'1992-03-10 15:33:13'),(5,54,'1988-07-04 16:20:33'),(5,83,'1972-03-17 19:27:52'),(5,92,'1988-04-06 08:57:02'),(6,8,'2009-10-19 19:12:18'),(6,28,'1973-07-13 15:55:23'),(6,32,'2011-07-12 18:21:12'),(6,37,'1977-01-09 08:23:13'),(6,38,'2012-06-07 00:31:48'),(6,60,'1973-08-25 12:41:15'),(6,66,'2011-10-13 20:17:55'),(6,94,'1985-03-29 23:15:58'),(6,95,'2004-09-09 00:50:07'),(7,17,'2013-12-01 22:45:47'),(7,18,'1997-04-29 04:07:01'),(7,45,'2010-12-07 02:39:04'),(7,77,'1995-01-23 18:42:12'),(7,79,'1978-11-21 07:11:31'),(7,81,'2010-03-07 01:19:06'),(7,94,'1992-08-20 09:13:13'),(8,21,'1979-05-01 14:42:10'),(8,31,'2013-05-13 07:49:28'),(8,36,'1997-12-30 09:11:17'),(8,40,'2012-07-09 18:41:08'),(8,61,'2020-02-18 21:06:11'),(8,67,'2017-12-08 01:50:45'),(8,86,'2004-11-08 22:14:29'),(8,94,'1998-08-09 10:01:30'),(8,98,'1982-10-16 11:09:14'),(9,2,'1977-07-11 13:52:31'),(9,7,'2000-05-21 03:20:39'),(9,62,'1970-08-21 11:07:58'),(9,63,'1991-05-18 02:48:36'),(9,70,'2008-08-20 10:18:00'),(9,73,'2004-06-28 08:31:46'),(9,83,'1982-06-17 15:11:16'),(9,90,'1987-10-08 17:05:41'),(10,35,'1979-03-12 02:38:35'),(10,41,'1995-07-28 16:29:46'),(10,50,'2009-01-09 13:40:14'),(10,61,'1992-10-30 10:21:18'),(10,90,'1996-08-26 21:39:32'),(11,14,'1983-09-14 04:02:25'),(11,23,'2013-01-10 13:14:37'),(11,24,'2002-12-11 01:09:36'),(11,28,'1970-04-27 13:50:50'),(11,30,'2015-08-08 08:23:23'),(11,33,'1973-05-20 00:49:12'),(11,49,'2006-04-28 10:56:59'),(11,57,'2018-06-25 15:35:36'),(11,66,'1994-11-28 16:09:50'),(11,89,'1973-05-19 03:36:53'),(11,100,'2018-08-27 01:45:33'),(12,26,'1971-04-18 05:40:35'),(12,29,'1977-01-30 00:44:12'),(12,32,'2017-02-10 17:29:53'),(12,64,'1990-02-17 23:53:57'),(12,78,'1987-09-06 02:39:28'),(12,79,'1996-02-04 07:40:45'),(12,96,'1991-11-29 00:37:26');
/*!40000 ALTER TABLE `communities_users` ENABLE KEYS */;
UNLOCK TABLES;

--
-- Table structure for table `content`
--

DROP TABLE IF EXISTS `content`;
/*!40101 SET @saved_cs_client     = @@character_set_client */;
/*!50503 SET character_set_client = utf8mb4 */;
CREATE TABLE `content` (
  `id` bigint unsigned NOT NULL AUTO_INCREMENT COMMENT 'Идентификатор строки',
  `user_id` int unsigned NOT NULL COMMENT 'Ссылка на пользователя',
  `name` varchar(100) NOT NULL COMMENT 'заголовок',
  `media` int unsigned NOT NULL COMMENT 'медиафайл',
  `text_data` longtext NOT NULL COMMENT 'текст',
  `created_at` datetime DEFAULT CURRENT_TIMESTAMP COMMENT 'Время создания строки',
  `updated_at` datetime DEFAULT CURRENT_TIMESTAMP ON UPDATE CURRENT_TIMESTAMP COMMENT 'Время обновления строки',
  PRIMARY KEY (`id`),
  UNIQUE KEY `id` (`id`)
) ENGINE=InnoDB AUTO_INCREMENT=4 DEFAULT CHARSET=utf8mb4 COLLATE=utf8mb4_0900_ai_ci;
/*!40101 SET character_set_client = @saved_cs_client */;

--
-- Dumping data for table `content`
--

LOCK TABLES `content` WRITE;
/*!40000 ALTER TABLE `content` DISABLE KEYS */;
INSERT INTO `content` VALUES (1,13,'My day',95,'I had good day! I met my friends!','2020-06-26 22:19:50','2020-06-26 22:19:50'),(2,59,'Help the dog!',2,'This is a little puppy. He needs help!','2020-06-26 22:21:16','2020-06-26 22:21:16'),(3,99,'Dinner with my family',91,'Love them a lot!','2020-06-26 22:21:59','2020-06-26 22:21:59');
/*!40000 ALTER TABLE `content` ENABLE KEYS */;
UNLOCK TABLES;

--
-- Table structure for table `friendship`
--

DROP TABLE IF EXISTS `friendship`;
/*!40101 SET @saved_cs_client     = @@character_set_client */;
/*!50503 SET character_set_client = utf8mb4 */;
CREATE TABLE `friendship` (
  `user_id` int unsigned NOT NULL COMMENT '╨б╤Б╤Л╨╗╨║╨░ ╨╜╨░ ╨╕╨╜╨╕╤Ж╨╕╨░╤В╨╛╤А╨░ ╨┤╤А╤Г╨╢╨╡╤Б╨║╨╕╤Е ╨╛╤В╨╜╨╛╤И╨╡╨╜╨╕╨╣',
  `friend_id` int unsigned NOT NULL COMMENT '╨б╤Б╤Л╨╗╨║╨░ ╨╜╨░ ╨┐╨╛╨╗╤Г╤З╨░╤В╨╡╨╗╤П ╨┐╤А╨╕╨│╨╗╨░╤И╨╡╨╜╨╕╤П ╨┤╤А╤Г╨╢╨╕╤В╤М',
  `status_id` int unsigned NOT NULL COMMENT '╨б╤Б╤Л╨╗╨║╨░ ╨╜╨░ ╤Б╤В╨░╤В╤Г╤Б (╤В╨╡╨║╤Г╤Й╨╡╨╡ ╤Б╨╛╤Б╤В╨╛╤П╨╜╨╕╨╡) ╨╛╤В╨╜╨╛╤И╨╡╨╜╨╕╨╣',
  `confirmed_at` datetime DEFAULT NULL COMMENT '╨Т╤А╨╡╨╝╤П ╨┐╨╛╨┤╤В╨▓╨╡╤А╨╢╨┤╨╡╨╜╨╕╤П ╨┐╤А╨╕╨│╨╗╨░╤И╨╡╨╜╨╕╤П',
  `created_at` datetime DEFAULT CURRENT_TIMESTAMP COMMENT '╨Т╤А╨╡╨╝╤П ╤Б╨╛╨╖╨┤╨░╨╜╨╕╤П ╤Б╤В╤А╨╛╨║╨╕',
  `updated_at` datetime DEFAULT CURRENT_TIMESTAMP ON UPDATE CURRENT_TIMESTAMP COMMENT '╨Т╤А╨╡╨╝╤П ╨╛╨▒╨╜╨╛╨▓╨╗╨╡╨╜╨╕╤П ╤Б╤В╤А╨╛╨║╨╕',
  PRIMARY KEY (`user_id`,`friend_id`) COMMENT '╨б╨╛╤Б╤В╨░╨▓╨╜╨╛╨╣ ╨┐╨╡╤А╨▓╨╕╤З╨╜╤Л╨╣ ╨║╨╗╤О╤З'
) ENGINE=InnoDB DEFAULT CHARSET=utf8 COLLATE=utf8_unicode_ci COMMENT='╨в╨░╨▒╨╗╨╕╤Ж╨░ ╨┤╤А╤Г╨╢╨▒╤Л';
/*!40101 SET character_set_client = @saved_cs_client */;

--
-- Dumping data for table `friendship`
--

LOCK TABLES `friendship` WRITE;
/*!40000 ALTER TABLE `friendship` DISABLE KEYS */;
INSERT INTO `friendship` VALUES (1,5,2,'2019-01-06 19:11:59','1991-04-16 00:56:21','2020-06-25 21:13:07'),(1,9,3,'1999-10-07 19:07:40','1989-08-23 03:56:39','2020-06-25 21:13:07'),(5,65,2,'2020-06-25 21:16:03','2000-11-29 01:27:31','2020-06-25 21:16:03'),(7,28,1,'2017-06-12 14:50:19','1992-10-22 04:23:44','2020-06-25 21:13:07'),(9,49,3,'1993-05-09 00:42:28','1980-08-14 10:30:56','2020-06-25 21:13:07'),(11,59,3,'1979-05-09 15:03:59','1970-10-19 04:26:37','2020-06-25 21:13:07'),(15,55,2,'1998-10-21 00:15:27','1987-03-02 17:49:35','2020-06-25 21:13:07'),(16,32,3,'2020-06-25 21:16:03','2016-01-29 06:09:04','2020-06-25 21:16:03'),(16,34,2,'2020-06-25 21:16:03','2014-12-02 22:36:44','2020-06-25 21:16:03'),(16,35,3,'2011-03-29 08:12:47','1976-07-24 03:47:33','2020-06-25 21:13:07'),(17,41,2,'2020-06-25 21:16:03','1981-12-12 08:34:51','2020-06-25 21:16:03'),(18,77,2,'2020-06-25 21:16:03','1973-01-06 06:24:04','2020-06-25 21:16:03'),(18,84,1,'2020-06-25 21:16:03','2008-01-17 19:00:39','2020-06-25 21:16:03'),(19,5,1,'2019-12-22 21:05:45','1980-03-16 05:12:23','2020-06-25 21:13:07'),(19,6,2,'2020-06-25 21:16:03','1995-02-28 02:57:01','2020-06-25 21:16:03'),(20,15,3,'2020-06-25 21:16:03','2008-09-13 20:40:28','2020-06-25 21:16:03'),(20,53,2,'1998-02-01 00:23:18','1977-02-15 15:58:03','2020-06-25 21:13:07'),(21,19,3,'2002-10-08 10:12:01','2001-03-28 14:47:35','2020-06-25 21:13:07'),(21,71,1,'1982-11-05 21:32:33','1974-09-10 01:43:57','2020-06-25 21:13:07'),(21,86,2,'1980-07-10 03:54:40','1970-10-02 23:02:28','2020-06-25 21:13:07'),(22,1,3,'2020-06-25 21:16:03','2000-08-06 09:50:38','2020-06-25 21:16:03'),(22,5,2,'2020-06-25 21:16:03','1988-01-07 06:31:47','2020-06-25 21:16:03'),(23,65,2,'2003-05-16 23:31:38','1970-01-23 09:02:01','2020-06-25 21:13:07'),(25,21,3,'2008-03-20 04:50:40','1988-08-21 00:10:49','2020-06-25 21:13:07'),(26,40,3,'2020-06-25 21:16:03','2002-10-12 00:17:44','2020-06-25 21:16:03'),(28,48,2,'2020-06-25 21:16:03','1990-04-21 12:35:26','2020-06-25 21:16:03'),(29,81,3,'2009-09-13 06:04:37','1975-12-26 22:09:32','2020-06-25 21:13:07'),(30,17,3,'1990-05-01 12:31:05','1985-05-09 13:45:54','2020-06-25 21:13:07'),(31,2,1,'2020-06-25 21:16:03','2012-01-07 22:52:07','2020-06-25 21:16:03'),(31,90,2,'2019-04-30 05:42:21','2013-07-02 14:30:54','2020-06-25 21:13:07'),(31,99,1,'2020-06-25 21:16:03','1980-02-01 09:47:49','2020-06-25 21:16:03'),(33,49,1,'1995-10-29 02:35:15','1976-10-28 06:01:12','2020-06-25 21:13:07'),(33,93,1,'2017-07-09 13:04:13','2000-07-08 22:16:33','2020-06-25 21:13:07'),(34,45,1,'2007-06-30 13:27:29','1971-09-18 11:33:49','2020-06-25 21:13:07'),(36,8,1,'2020-06-25 21:16:03','2011-05-18 01:14:20','2020-06-25 21:16:03'),(38,1,1,'2020-06-25 21:16:03','2019-09-19 15:28:02','2020-06-25 21:16:03'),(39,93,1,'2020-06-25 21:16:03','2018-12-08 00:25:53','2020-06-25 21:16:03'),(42,83,2,'2010-01-15 07:02:58','1987-01-12 08:27:21','2020-06-25 21:13:07'),(43,19,2,'2017-01-31 00:01:21','1991-05-27 07:59:55','2020-06-25 21:13:07'),(43,61,3,'2017-08-15 13:12:58','1993-11-16 16:34:26','2020-06-25 21:13:07'),(44,42,3,'2020-06-25 21:16:03','2001-01-12 16:08:56','2020-06-25 21:16:03'),(45,46,3,'2018-01-27 04:06:36','2009-05-10 19:29:32','2020-06-25 21:13:07'),(46,83,1,'2020-06-25 21:16:03','2019-01-28 09:17:16','2020-06-25 21:16:03'),(50,29,2,'1985-01-18 23:10:41','1976-01-24 21:34:02','2020-06-25 21:13:07'),(51,96,1,'2020-06-25 21:16:03','2011-06-11 21:25:25','2020-06-25 21:16:03'),(53,96,3,'2009-12-22 02:36:09','2009-06-27 19:09:02','2020-06-25 21:13:07'),(55,6,1,'2020-06-25 21:16:03','2004-02-25 16:44:37','2020-06-25 21:16:03'),(55,73,2,'2006-02-20 10:27:13','1993-04-05 01:18:36','2020-06-25 21:13:07'),(56,35,1,'1994-03-15 07:56:36','1980-08-06 22:54:53','2020-06-25 21:13:07'),(57,13,2,'2015-05-13 05:59:01','1987-03-06 17:59:29','2020-06-25 21:13:07'),(57,89,3,'1991-02-06 11:46:59','1982-02-01 21:01:49','2020-06-25 21:13:07'),(58,53,1,'2020-06-25 21:16:03','1998-10-26 03:47:05','2020-06-25 21:16:03'),(60,86,3,'2010-09-26 12:35:34','1991-07-10 03:56:21','2020-06-25 21:13:07'),(61,51,1,'2002-02-04 22:21:56','1994-05-17 00:45:34','2020-06-25 21:13:07'),(62,31,2,'2020-06-25 21:16:03','2018-08-17 05:55:54','2020-06-25 21:16:03'),(62,92,2,'2005-05-13 17:06:45','1986-07-13 18:39:20','2020-06-25 21:13:07'),(63,89,2,'2012-08-12 14:26:12','1973-09-12 20:18:59','2020-06-25 21:13:07'),(64,3,2,'2020-06-25 21:16:03','2016-06-08 08:21:27','2020-06-25 21:16:03'),(65,6,3,'2020-06-25 21:16:03','2013-09-26 18:37:47','2020-06-25 21:16:03'),(65,38,1,'2016-03-03 23:01:42','2006-12-16 03:52:22','2020-06-25 21:13:07'),(65,71,2,'1997-03-31 01:50:50','1975-06-20 00:25:14','2020-06-25 21:13:07'),(65,82,1,'2020-06-25 21:16:03','1999-04-17 01:36:46','2020-06-25 21:16:03'),(66,49,1,'2006-03-13 08:34:32','1972-11-18 03:46:30','2020-06-25 21:13:07'),(66,72,1,'2020-06-25 21:16:03','2011-04-07 13:13:27','2020-06-25 21:16:03'),(66,73,3,'1991-09-19 13:32:52','1980-12-25 01:52:02','2020-06-25 21:13:07'),(67,16,3,'2020-06-25 21:16:03','2000-03-04 03:17:12','2020-06-25 21:16:03'),(70,39,3,'2012-09-04 04:28:25','1982-05-08 13:28:04','2020-06-25 21:13:07'),(71,2,1,'2006-11-20 19:00:14','1996-02-27 07:24:09','2020-06-25 21:13:07'),(71,31,3,'2000-04-07 02:09:44','1986-05-21 05:10:02','2020-06-25 21:13:07'),(71,36,3,'2016-06-01 11:31:31','1973-07-20 03:44:10','2020-06-25 21:13:07'),(71,62,1,'2020-06-25 21:16:03','1986-02-23 06:52:19','2020-06-25 21:16:03'),(71,90,1,'2020-06-25 21:16:03','1989-09-28 02:00:46','2020-06-25 21:16:03'),(72,7,3,'2020-06-25 21:16:03','2015-07-06 21:16:14','2020-06-25 21:16:03'),(72,79,1,'2020-05-30 13:43:08','2010-03-17 23:43:34','2020-06-25 21:13:07'),(73,91,3,'1987-07-22 05:08:59','1982-04-15 17:09:12','2020-06-25 21:13:07'),(74,51,1,'2020-06-25 21:16:03','1985-04-24 02:59:58','2020-06-25 21:16:03'),(76,43,3,'2006-01-12 19:40:03','1977-10-02 04:20:45','2020-06-25 21:13:07'),(76,50,1,'2015-12-30 08:35:31','1979-01-31 13:34:56','2020-06-25 21:13:07'),(77,57,2,'2020-06-25 21:16:03','2001-07-03 18:28:59','2020-06-25 21:16:03'),(78,41,2,'2003-02-23 00:39:24','2002-09-29 21:46:46','2020-06-25 21:13:07'),(79,42,1,'2019-09-01 02:06:14','2011-02-08 23:58:10','2020-06-25 21:13:07'),(81,8,1,'2020-06-25 21:16:03','2006-03-05 14:40:00','2020-06-25 21:16:03'),(84,1,1,'1997-02-16 02:23:24','1991-05-14 17:49:03','2020-06-25 21:13:07'),(85,97,3,'2005-05-31 18:58:36','2003-10-01 00:38:04','2020-06-25 21:13:07'),(87,84,3,'1989-07-03 08:47:21','1975-12-18 02:21:28','2020-06-25 21:13:07'),(89,34,3,'2020-06-25 21:16:03','2015-07-31 09:52:43','2020-06-25 21:16:03'),(90,47,1,'2020-06-25 21:16:03','1999-11-17 13:36:02','2020-06-25 21:16:03'),(92,75,2,'2020-06-25 21:16:03','2012-12-16 16:02:54','2020-06-25 21:16:03'),(92,95,2,'1997-09-30 21:54:58','1988-10-10 20:19:43','2020-06-25 21:13:07'),(94,9,3,'2020-06-25 21:16:03','1971-06-09 15:36:11','2020-06-25 21:16:03'),(94,29,2,'1989-01-02 02:40:50','1971-01-25 23:05:30','2020-06-25 21:13:07'),(94,33,1,'2020-06-25 21:16:03','2014-01-01 00:14:14','2020-06-25 21:16:03'),(94,55,3,'1996-06-07 04:45:27','1991-03-19 03:33:09','2020-06-25 21:13:07'),(94,85,1,'2014-09-20 02:02:31','1984-11-26 21:10:41','2020-06-25 21:13:07'),(95,52,3,'1999-02-08 00:51:28','1997-04-29 04:40:56','2020-06-25 21:13:07'),(96,26,1,'2004-07-08 18:47:53','1991-11-06 04:26:21','2020-06-25 21:13:07'),(96,62,2,'2020-06-25 21:16:03','2018-03-23 08:26:06','2020-06-25 21:16:03'),(98,62,3,'1999-10-06 11:29:53','1972-11-30 09:13:49','2020-06-25 21:13:07'),(98,82,1,'2017-09-05 01:09:37','2003-09-01 13:54:39','2020-06-25 21:13:07'),(100,11,2,'1990-07-09 15:09:19','1979-04-06 03:48:08','2020-06-25 21:13:07');
/*!40000 ALTER TABLE `friendship` ENABLE KEYS */;
UNLOCK TABLES;

--
-- Table structure for table `friendship_statuses`
--

DROP TABLE IF EXISTS `friendship_statuses`;
/*!40101 SET @saved_cs_client     = @@character_set_client */;
/*!50503 SET character_set_client = utf8mb4 */;
CREATE TABLE `friendship_statuses` (
  `id` int unsigned NOT NULL AUTO_INCREMENT COMMENT '╨Ш╨┤╨╡╨╜╤В╨╕╤Д╨╕╨║╨░╤В╨╛╤А ╤Б╤В╤А╨╛╨║╨╕',
  `name` varchar(150) CHARACTER SET utf8 COLLATE utf8_unicode_ci NOT NULL COMMENT '╨Э╨░╨╖╨▓╨░╨╜╨╕╨╡ ╤Б╤В╨░╤В╤Г╤Б╨░',
  `created_at` datetime DEFAULT CURRENT_TIMESTAMP COMMENT '╨Т╤А╨╡╨╝╤П ╤Б╨╛╨╖╨┤╨░╨╜╨╕╤П ╤Б╤В╤А╨╛╨║╨╕',
  `updated_at` datetime DEFAULT CURRENT_TIMESTAMP ON UPDATE CURRENT_TIMESTAMP COMMENT '╨Т╤А╨╡╨╝╤П ╨╛╨▒╨╜╨╛╨▓╨╗╨╡╨╜╨╕╤П ╤Б╤В╤А╨╛╨║╨╕',
  PRIMARY KEY (`id`),
  UNIQUE KEY `name` (`name`)
) ENGINE=InnoDB AUTO_INCREMENT=4 DEFAULT CHARSET=utf8 COLLATE=utf8_unicode_ci COMMENT='╨б╤В╨░╤В╤Г╤Б╤Л ╨┤╤А╤Г╨╢╨▒╤Л';
/*!40101 SET character_set_client = @saved_cs_client */;

--
-- Dumping data for table `friendship_statuses`
--

LOCK TABLES `friendship_statuses` WRITE;
/*!40000 ALTER TABLE `friendship_statuses` DISABLE KEYS */;
INSERT INTO `friendship_statuses` VALUES (1,'confirmed','2020-06-25 21:10:11','2020-06-25 21:10:11'),(2,'requested','2020-06-25 21:10:11','2020-06-25 21:10:11'),(3,'rejected','2020-06-25 21:10:11','2020-06-25 21:10:11');
/*!40000 ALTER TABLE `friendship_statuses` ENABLE KEYS */;
UNLOCK TABLES;

--
-- Table structure for table `likes`
--

DROP TABLE IF EXISTS `likes`;
/*!40101 SET @saved_cs_client     = @@character_set_client */;
/*!50503 SET character_set_client = utf8mb4 */;
CREATE TABLE `likes` (
  `content_id` int unsigned NOT NULL COMMENT 'Ссылка на пост',
  `user_id` int unsigned NOT NULL COMMENT 'Ссылка на пользователя, поставившего +',
  `created_at` datetime DEFAULT CURRENT_TIMESTAMP COMMENT 'Время создания'
) ENGINE=InnoDB DEFAULT CHARSET=utf8mb4 COLLATE=utf8mb4_0900_ai_ci;
/*!40101 SET character_set_client = @saved_cs_client */;

--
-- Dumping data for table `likes`
--

LOCK TABLES `likes` WRITE;
/*!40000 ALTER TABLE `likes` DISABLE KEYS */;
INSERT INTO `likes` VALUES (1,43,'2020-06-26 22:25:03'),(3,96,'2020-06-26 22:25:05'),(3,27,'2020-06-26 22:25:06'),(1,21,'2020-06-26 22:25:07'),(2,9,'2020-06-26 22:25:09'),(2,100,'2020-06-26 22:25:10'),(1,89,'2020-06-26 22:25:11'),(3,55,'2020-06-26 22:25:12'),(3,8,'2020-06-26 22:25:13'),(2,71,'2020-06-26 22:25:14'),(2,86,'2020-06-26 22:25:15'),(3,39,'2020-06-26 22:25:16'),(3,68,'2020-06-26 22:25:18'),(1,60,'2020-06-26 22:25:19'),(2,15,'2020-06-26 22:25:20'),(1,24,'2020-06-26 22:25:21'),(2,90,'2020-06-26 22:25:22'),(2,96,'2020-06-26 22:25:23'),(3,57,'2020-06-26 22:25:24'),(2,49,'2020-06-26 22:25:25');
/*!40000 ALTER TABLE `likes` ENABLE KEYS */;
UNLOCK TABLES;

--
-- Table structure for table `media`
--

DROP TABLE IF EXISTS `media`;
/*!40101 SET @saved_cs_client     = @@character_set_client */;
/*!50503 SET character_set_client = utf8mb4 */;
CREATE TABLE `media` (
  `id` int unsigned NOT NULL AUTO_INCREMENT COMMENT '╨Ш╨┤╨╡╨╜╤В╨╕╤Д╨╕╨║╨░╤В╨╛╤А ╤Б╤В╤А╨╛╨║╨╕',
  `user_id` int unsigned NOT NULL COMMENT '╨б╤Б╤Л╨╗╨║╨░ ╨╜╨░ ╨┐╨╛╨╗╤М╨╖╨╛╨▓╨░╤В╨╡╨╗╤П, ╨║╨╛╤В╨╛╤А╤Л╨╣ ╨╖╨░╨│╤А╤Г╨╖╨╕╨╗ ╤Д╨░╨╣╨╗',
  `filename` varchar(255) CHARACTER SET utf8 COLLATE utf8_unicode_ci NOT NULL COMMENT '╨Я╤Г╤В╤М ╨║ ╤Д╨░╨╣╨╗╤Г',
  `size` int NOT NULL COMMENT '╨а╨░╨╖╨╝╨╡╤А ╤Д╨░╨╣╨╗╨░',
  `metadata` json DEFAULT NULL,
  `media_type_id` int unsigned NOT NULL COMMENT '╨б╤Б╤Л╨╗╨║╨░ ╨╜╨░ ╤В╨╕╨┐ ╨║╨╛╨╜╤В╨╡╨╜╤В╨░',
  `created_at` datetime DEFAULT CURRENT_TIMESTAMP COMMENT '╨Т╤А╨╡╨╝╤П ╤Б╨╛╨╖╨┤╨░╨╜╨╕╤П ╤Б╤В╤А╨╛╨║╨╕',
  `updated_at` datetime DEFAULT CURRENT_TIMESTAMP ON UPDATE CURRENT_TIMESTAMP COMMENT '╨Т╤А╨╡╨╝╤П ╨╛╨▒╨╜╨╛╨▓╨╗╨╡╨╜╨╕╤П ╤Б╤В╤А╨╛╨║╨╕',
  PRIMARY KEY (`id`),
  CONSTRAINT `media_chk_1` CHECK (json_valid(`metadata`))
) ENGINE=InnoDB AUTO_INCREMENT=101 DEFAULT CHARSET=utf8 COLLATE=utf8_unicode_ci COMMENT='╨Ь╨╡╨┤╨╕╨░╤Д╨░╨╣╨╗╤Л';
/*!40101 SET character_set_client = @saved_cs_client */;

--
-- Dumping data for table `media`
--

LOCK TABLES `media` WRITE;
/*!40000 ALTER TABLE `media` DISABLE KEYS */;
INSERT INTO `media` VALUES (1,24,'https://dropbox.com.vk/ea.gif',1730,'{\"owner\": \"Martine Rippin\"}',3,'2015-08-09 05:52:14','2020-06-25 20:36:51'),(2,31,'https://dropbox.com.vk/debitis.jpeg',1579,'{\"owner\": \"Sage Pfannerstill\"}',2,'1980-12-16 13:50:39','2020-06-25 20:36:51'),(3,81,'https://dropbox.com.vk/quisquam.mkv',630471594,'{\"owner\": \"Maegan Marvin\"}',3,'2002-04-05 00:00:05','2020-06-25 20:36:51'),(4,11,'https://dropbox.com.vk/eos.gif',31206461,'{\"owner\": \"Colin Fadel\"}',3,'1975-05-24 18:05:27','2020-06-25 20:36:51'),(5,12,'https://dropbox.com.vk/hic.jpeg',1707,'{\"owner\": \"Felicity Wiza\"}',3,'2002-09-24 23:52:38','2020-06-25 20:36:51'),(6,25,'https://dropbox.com.vk/dolorem.jpeg',298021139,'{\"owner\": \"Monte Gulgowski\"}',2,'1986-12-02 19:46:31','2020-06-25 20:36:51'),(7,90,'https://dropbox.com.vk/facere.mp3',1799,'{\"owner\": \"Rashad Gleichner\"}',3,'1975-03-10 19:47:04','2020-06-25 20:36:51'),(8,75,'https://dropbox.com.vk/at.mkv',2409518,'{\"owner\": \"Damion Jones\"}',2,'2007-07-23 13:42:52','2020-06-25 20:36:51'),(9,2,'https://dropbox.com.vk/dolores.mkv',393720128,'{\"owner\": \"Maxwell Weimann\"}',2,'1995-07-20 20:37:55','2020-06-25 20:36:51'),(10,86,'https://dropbox.com.vk/aut.mkv',1872,'{\"owner\": \"Bernita Goodwin\"}',2,'1998-09-15 01:23:21','2020-06-25 20:36:51'),(11,22,'https://dropbox.com.vk/distinctio.gif',1966,'{\"owner\": \"Baylee Goodwin\"}',1,'1994-11-03 01:20:06','2020-06-25 20:36:51'),(12,52,'https://dropbox.com.vk/aut.avi',1215,'{\"owner\": \"Citlalli Schamberger\"}',3,'2015-08-07 10:30:13','2020-06-25 20:36:51'),(13,92,'https://dropbox.com.vk/quas.gif',428262951,'{\"owner\": \"Estelle Ryan\"}',1,'2007-03-05 14:35:47','2020-06-25 20:36:51'),(14,4,'https://dropbox.com.vk/quos.mkv',961310,'{\"owner\": \"Pat Gleason\"}',3,'2001-10-09 22:04:44','2020-06-25 20:36:51'),(15,42,'https://dropbox.com.vk/consequatur.mkv',69044322,'{\"owner\": \"Kamron Krajcik\"}',1,'1974-03-02 06:55:07','2020-06-25 20:36:51'),(16,100,'https://dropbox.com.vk/rem.gif',574949,'{\"owner\": \"Hilton Zulauf\"}',1,'1996-01-24 11:44:11','2020-06-25 20:36:51'),(17,74,'https://dropbox.com.vk/nam.mp3',5632610,'{\"owner\": \"Daphnee Quitzon\"}',2,'1990-01-12 03:07:31','2020-06-25 20:36:51'),(18,67,'https://dropbox.com.vk/quasi.gif',26279728,'{\"owner\": \"Carmelo Abbott\"}',3,'1985-06-14 23:26:55','2020-06-25 20:36:51'),(19,14,'https://dropbox.com.vk/reprehenderit.gif',1177,'{\"owner\": \"Margarete Roob\"}',3,'2005-03-05 15:13:40','2020-06-25 20:36:51'),(20,70,'https://dropbox.com.vk/eveniet.jpeg',1239,'{\"owner\": \"Garth Lemke\"}',3,'1991-01-27 09:27:53','2020-06-25 20:36:51'),(21,7,'https://dropbox.com.vk/ipsum.gif',958093422,'{\"owner\": \"Melvin Howe\"}',2,'1985-04-15 16:20:20','2020-06-25 20:36:51'),(22,25,'https://dropbox.com.vk/est.mp3',2620018,'{\"owner\": \"Monte Gulgowski\"}',3,'2019-10-08 01:35:06','2020-06-25 20:36:51'),(23,4,'https://dropbox.com.vk/at.avi',4584869,'{\"owner\": \"Pat Gleason\"}',3,'1976-03-10 07:41:56','2020-06-25 20:36:51'),(24,46,'https://dropbox.com.vk/suscipit.jpeg',1666,'{\"owner\": \"Freda Jast\"}',1,'2002-01-10 03:39:13','2020-06-25 20:36:51'),(25,14,'https://dropbox.com.vk/ut.jpeg',1612,'{\"owner\": \"Margarete Roob\"}',2,'1980-01-27 09:38:25','2020-06-25 20:36:51'),(26,32,'https://dropbox.com.vk/amet.avi',564475142,'{\"owner\": \"Zelda Parisian\"}',2,'1971-09-29 09:05:22','2020-06-25 20:36:51'),(27,20,'https://dropbox.com.vk/fugit.mkv',112257,'{\"owner\": \"Jeanne Labadie\"}',2,'2017-01-14 10:42:38','2020-06-25 20:36:51'),(28,2,'https://dropbox.com.vk/consequatur.jpeg',1064,'{\"owner\": \"Maxwell Weimann\"}',3,'2013-05-19 21:16:37','2020-06-25 20:36:51'),(29,48,'https://dropbox.com.vk/ut.avi',1484,'{\"owner\": \"Jaylan Anderson\"}',2,'1973-05-21 23:35:09','2020-06-25 20:36:51'),(30,36,'https://dropbox.com.vk/tenetur.avi',1227,'{\"owner\": \"Laisha Larkin\"}',1,'1987-10-14 17:14:27','2020-06-25 20:36:51'),(31,34,'https://dropbox.com.vk/explicabo.jpeg',4948482,'{\"owner\": \"Karson Steuber\"}',2,'1998-05-24 23:19:34','2020-06-25 20:36:51'),(32,63,'https://dropbox.com.vk/quo.jpeg',1685,'{\"owner\": \"Eriberto Schiller\"}',3,'1973-12-23 19:22:17','2020-06-25 20:36:51'),(33,13,'https://dropbox.com.vk/alias.mkv',1746,'{\"owner\": \"Rosanna Bahringer\"}',3,'1995-08-29 16:12:28','2020-06-25 20:36:51'),(34,75,'https://dropbox.com.vk/dolorum.gif',1674,'{\"owner\": \"Damion Jones\"}',3,'2013-12-02 20:30:08','2020-06-25 20:36:51'),(35,34,'https://dropbox.com.vk/nobis.avi',1133,'{\"owner\": \"Karson Steuber\"}',1,'1994-07-07 14:43:05','2020-06-25 20:36:51'),(36,47,'https://dropbox.com.vk/et.gif',1644,'{\"owner\": \"Leanne Waelchi\"}',3,'1974-04-08 14:40:04','2020-06-25 20:36:51'),(37,31,'https://dropbox.com.vk/eos.avi',1820,'{\"owner\": \"Sage Pfannerstill\"}',1,'2020-05-31 14:37:05','2020-06-25 20:36:51'),(38,12,'https://dropbox.com.vk/non.mkv',1171,'{\"owner\": \"Felicity Wiza\"}',2,'1998-07-07 21:07:06','2020-06-25 20:36:51'),(39,70,'https://dropbox.com.vk/qui.mp3',2203780,'{\"owner\": \"Garth Lemke\"}',1,'2002-08-16 06:48:08','2020-06-25 20:36:51'),(40,10,'https://dropbox.com.vk/vel.avi',1394,'{\"owner\": \"Sharon Willms\"}',1,'1986-11-30 20:34:27','2020-06-25 20:36:51'),(41,42,'https://dropbox.com.vk/fugiat.mkv',568792,'{\"owner\": \"Kamron Krajcik\"}',1,'1997-05-09 00:40:58','2020-06-25 20:36:51'),(42,77,'https://dropbox.com.vk/quisquam.gif',1458,'{\"owner\": \"Darius Funk\"}',3,'2017-07-23 19:57:05','2020-06-25 20:36:51'),(43,59,'https://dropbox.com.vk/fugit.mp3',1110,'{\"owner\": \"Michaela Bode\"}',1,'1980-07-02 01:34:35','2020-06-25 20:36:51'),(44,66,'https://dropbox.com.vk/quia.gif',6194779,'{\"owner\": \"Martina Goyette\"}',1,'1989-10-03 01:55:21','2020-06-25 20:36:51'),(45,50,'https://dropbox.com.vk/esse.mkv',1176,'{\"owner\": \"Dashawn Tremblay\"}',1,'1975-04-15 15:37:44','2020-06-25 20:36:51'),(46,51,'https://dropbox.com.vk/temporibus.mp3',1549,'{\"owner\": \"Godfrey Hamill\"}',3,'1997-09-27 22:37:02','2020-06-25 20:36:51'),(47,6,'https://dropbox.com.vk/quam.jpeg',1216,'{\"owner\": \"Keeley Walter\"}',2,'1989-04-28 13:28:25','2020-06-25 20:36:51'),(48,77,'https://dropbox.com.vk/voluptatem.mp3',419243312,'{\"owner\": \"Darius Funk\"}',3,'1983-03-14 07:37:21','2020-06-25 20:36:51'),(49,67,'https://dropbox.com.vk/ex.mkv',1436,'{\"owner\": \"Carmelo Abbott\"}',1,'1980-10-15 21:24:15','2020-06-25 20:36:51'),(50,2,'https://dropbox.com.vk/vel.mp3',811478686,'{\"owner\": \"Maxwell Weimann\"}',3,'2011-06-23 12:22:19','2020-06-25 20:36:51'),(51,7,'https://dropbox.com.vk/sunt.mp3',1531,'{\"owner\": \"Melvin Howe\"}',2,'2018-03-22 19:35:39','2020-06-25 20:36:51'),(52,31,'https://dropbox.com.vk/sequi.avi',1348,'{\"owner\": \"Sage Pfannerstill\"}',3,'1974-09-26 07:36:42','2020-06-25 20:36:51'),(53,33,'https://dropbox.com.vk/et.mkv',1146,'{\"owner\": \"Mattie Boehm\"}',3,'2010-05-15 08:59:15','2020-06-25 20:36:51'),(54,71,'https://dropbox.com.vk/quasi.jpeg',2069211,'{\"owner\": \"Elbert Hickle\"}',1,'1993-07-18 14:09:21','2020-06-25 20:36:51'),(55,57,'https://dropbox.com.vk/perferendis.jpeg',824961,'{\"owner\": \"Eveline Mitchell\"}',2,'1975-08-11 15:10:11','2020-06-25 20:36:51'),(56,72,'https://dropbox.com.vk/rem.mkv',71114433,'{\"owner\": \"Gussie Hudson\"}',3,'1982-07-03 22:47:13','2020-06-25 20:36:51'),(57,89,'https://dropbox.com.vk/dolorum.mp3',1687,'{\"owner\": \"Alta Batz\"}',3,'1996-05-04 04:33:20','2020-06-25 20:36:51'),(58,27,'https://dropbox.com.vk/voluptas.jpeg',1997,'{\"owner\": \"Jerrod Corwin\"}',2,'1998-11-04 11:21:16','2020-06-25 20:36:51'),(59,69,'https://dropbox.com.vk/facilis.gif',750465,'{\"owner\": \"Esta Roberts\"}',2,'1981-07-02 02:57:59','2020-06-25 20:36:51'),(60,63,'https://dropbox.com.vk/beatae.jpeg',832676908,'{\"owner\": \"Eriberto Schiller\"}',2,'1980-07-06 11:33:16','2020-06-25 20:36:51'),(61,8,'https://dropbox.com.vk/est.avi',1927,'{\"owner\": \"Hubert Wolf\"}',3,'1990-10-25 19:32:26','2020-06-25 20:36:51'),(62,52,'https://dropbox.com.vk/ut.jpeg',1644,'{\"owner\": \"Citlalli Schamberger\"}',3,'1991-09-19 00:59:25','2020-06-25 20:36:51'),(63,34,'https://dropbox.com.vk/culpa.gif',507507,'{\"owner\": \"Karson Steuber\"}',2,'1975-11-03 07:30:02','2020-06-25 20:36:51'),(64,16,'https://dropbox.com.vk/dicta.mkv',96560980,'{\"owner\": \"Lionel Legros\"}',1,'2011-01-13 19:39:56','2020-06-25 20:36:51'),(65,74,'https://dropbox.com.vk/animi.gif',1439,'{\"owner\": \"Daphnee Quitzon\"}',3,'2010-02-17 03:49:27','2020-06-25 20:36:51'),(66,23,'https://dropbox.com.vk/et.jpeg',1262,'{\"owner\": \"Roslyn Dickens\"}',3,'2018-08-16 09:03:54','2020-06-25 20:36:51'),(67,93,'https://dropbox.com.vk/aspernatur.jpeg',390408,'{\"owner\": \"Jude Heaney\"}',1,'2004-08-03 11:07:47','2020-06-25 20:36:51'),(68,95,'https://dropbox.com.vk/perspiciatis.jpeg',125613560,'{\"owner\": \"Vince Cummings\"}',2,'1977-06-01 08:33:46','2020-06-25 20:36:51'),(69,97,'https://dropbox.com.vk/dolorem.jpeg',1993,'{\"owner\": \"Stuart Schoen\"}',3,'1990-10-23 05:46:57','2020-06-25 20:36:51'),(70,96,'https://dropbox.com.vk/labore.gif',1180,'{\"owner\": \"Judah Crona\"}',3,'1979-02-25 08:01:26','2020-06-25 20:36:51'),(71,92,'https://dropbox.com.vk/repudiandae.jpeg',1922,'{\"owner\": \"Estelle Ryan\"}',2,'1994-11-03 13:02:36','2020-06-25 20:36:51'),(72,71,'https://dropbox.com.vk/asperiores.gif',9397453,'{\"owner\": \"Elbert Hickle\"}',3,'1980-02-02 16:16:03','2020-06-25 20:36:51'),(73,78,'https://dropbox.com.vk/consequatur.gif',596375189,'{\"owner\": \"Jake Schinner\"}',2,'2015-03-29 02:12:38','2020-06-25 20:36:51'),(74,76,'https://dropbox.com.vk/ut.gif',1072,'{\"owner\": \"Marguerite Hintz\"}',3,'2008-06-09 05:58:32','2020-06-25 20:36:51'),(75,44,'https://dropbox.com.vk/eveniet.avi',1593,'{\"owner\": \"Ralph Schinner\"}',3,'2011-01-02 20:00:20','2020-06-25 20:36:51'),(76,92,'https://dropbox.com.vk/incidunt.avi',655648453,'{\"owner\": \"Estelle Ryan\"}',2,'1993-11-11 10:04:58','2020-06-25 20:36:51'),(77,29,'https://dropbox.com.vk/sequi.mkv',729557,'{\"owner\": \"Kyleigh Wunsch\"}',3,'1980-04-13 10:43:06','2020-06-25 20:36:51'),(78,67,'https://dropbox.com.vk/accusamus.gif',1751,'{\"owner\": \"Carmelo Abbott\"}',3,'2001-11-29 07:34:50','2020-06-25 20:36:51'),(79,50,'https://dropbox.com.vk/ea.avi',1977,'{\"owner\": \"Dashawn Tremblay\"}',3,'1988-10-07 05:29:10','2020-06-25 20:36:51'),(80,47,'https://dropbox.com.vk/ut.avi',1631,'{\"owner\": \"Leanne Waelchi\"}',1,'1987-09-21 21:27:24','2020-06-25 20:36:51'),(81,86,'https://dropbox.com.vk/natus.gif',740155,'{\"owner\": \"Bernita Goodwin\"}',3,'2004-12-21 02:20:45','2020-06-25 20:36:51'),(82,88,'https://dropbox.com.vk/non.avi',1227,'{\"owner\": \"Braulio Kunde\"}',1,'1977-02-03 17:09:32','2020-06-25 20:36:51'),(83,81,'https://dropbox.com.vk/odit.avi',1241,'{\"owner\": \"Maegan Marvin\"}',1,'1992-01-24 09:33:06','2020-06-25 20:36:51'),(84,41,'https://dropbox.com.vk/omnis.avi',1525,'{\"owner\": \"Sheridan Green\"}',1,'1991-05-28 18:06:18','2020-06-25 20:36:51'),(85,63,'https://dropbox.com.vk/laborum.mkv',1903,'{\"owner\": \"Eriberto Schiller\"}',1,'1972-11-14 22:30:39','2020-06-25 20:36:51'),(86,89,'https://dropbox.com.vk/aut.avi',5473307,'{\"owner\": \"Alta Batz\"}',2,'1983-06-04 22:52:20','2020-06-25 20:36:51'),(87,58,'https://dropbox.com.vk/dolor.mkv',1941,'{\"owner\": \"Ima Ebert\"}',2,'2011-02-17 06:19:21','2020-06-25 20:36:51'),(88,22,'https://dropbox.com.vk/distinctio.jpeg',1998,'{\"owner\": \"Baylee Goodwin\"}',1,'1974-11-22 01:45:29','2020-06-25 20:36:51'),(89,37,'https://dropbox.com.vk/sint.gif',669304,'{\"owner\": \"Sydnie Johns\"}',1,'1995-11-02 17:19:06','2020-06-25 20:36:51'),(90,15,'https://dropbox.com.vk/facere.jpeg',1164,'{\"owner\": \"Myriam Littel\"}',3,'1973-12-22 03:58:36','2020-06-25 20:36:51'),(91,66,'https://dropbox.com.vk/harum.mkv',1828,'{\"owner\": \"Martina Goyette\"}',2,'1998-06-27 07:31:14','2020-06-25 20:36:51'),(92,84,'https://dropbox.com.vk/ut.avi',934462458,'{\"owner\": \"Charles Wiza\"}',1,'2017-05-15 08:16:47','2020-06-25 20:36:51'),(93,23,'https://dropbox.com.vk/quia.avi',1647,'{\"owner\": \"Roslyn Dickens\"}',3,'2008-02-28 04:24:34','2020-06-25 20:36:51'),(94,61,'https://dropbox.com.vk/rerum.mkv',1754,'{\"owner\": \"Lynn Koelpin\"}',3,'2001-01-27 01:42:09','2020-06-25 20:36:51'),(95,35,'https://dropbox.com.vk/aut.avi',393930,'{\"owner\": \"Silas Littel\"}',2,'2002-12-04 16:03:53','2020-06-25 20:36:51'),(96,93,'https://dropbox.com.vk/assumenda.jpeg',3170411,'{\"owner\": \"Jude Heaney\"}',2,'1996-02-01 08:05:25','2020-06-25 20:36:51'),(97,60,'https://dropbox.com.vk/velit.jpeg',1827,'{\"owner\": \"Elisha Strosin\"}',1,'1998-09-19 14:26:18','2020-06-25 20:36:51'),(98,21,'https://dropbox.com.vk/sunt.mkv',172933,'{\"owner\": \"Grady Veum\"}',1,'1972-12-31 15:50:31','2020-06-25 20:36:51'),(99,22,'https://dropbox.com.vk/rerum.gif',1875,'{\"owner\": \"Baylee Goodwin\"}',1,'1984-11-01 06:28:33','2020-06-25 20:36:51'),(100,46,'https://dropbox.com.vk/repudiandae.gif',1893,'{\"owner\": \"Freda Jast\"}',1,'2001-10-20 17:38:43','2020-06-25 20:36:51');
/*!40000 ALTER TABLE `media` ENABLE KEYS */;
UNLOCK TABLES;

--
-- Table structure for table `media_types`
--

DROP TABLE IF EXISTS `media_types`;
/*!40101 SET @saved_cs_client     = @@character_set_client */;
/*!50503 SET character_set_client = utf8mb4 */;
CREATE TABLE `media_types` (
  `id` int unsigned NOT NULL AUTO_INCREMENT COMMENT '╨Ш╨┤╨╡╨╜╤В╨╕╤Д╨╕╨║╨░╤В╨╛╤А ╤Б╤В╤А╨╛╨║╨╕',
  `name` varchar(255) CHARACTER SET utf8 COLLATE utf8_unicode_ci NOT NULL COMMENT '╨Э╨░╨╖╨▓╨░╨╜╨╕╨╡ ╤В╨╕╨┐╨░',
  `created_at` datetime DEFAULT CURRENT_TIMESTAMP COMMENT '╨Т╤А╨╡╨╝╤П ╤Б╨╛╨╖╨┤╨░╨╜╨╕╤П ╤Б╤В╤А╨╛╨║╨╕',
  `updated_at` datetime DEFAULT CURRENT_TIMESTAMP ON UPDATE CURRENT_TIMESTAMP COMMENT '╨Т╤А╨╡╨╝╤П ╨╛╨▒╨╜╨╛╨▓╨╗╨╡╨╜╨╕╤П ╤Б╤В╤А╨╛╨║╨╕',
  PRIMARY KEY (`id`),
  UNIQUE KEY `name` (`name`)
) ENGINE=InnoDB AUTO_INCREMENT=203 DEFAULT CHARSET=utf8 COLLATE=utf8_unicode_ci COMMENT='╨в╨╕╨┐╤Л ╨╝╨╡╨┤╨╕╨░╤Д╨░╨╣╨╗╨╛╨▓';
/*!40101 SET character_set_client = @saved_cs_client */;

--
-- Dumping data for table `media_types`
--

LOCK TABLES `media_types` WRITE;
/*!40000 ALTER TABLE `media_types` DISABLE KEYS */;
INSERT INTO `media_types` VALUES (1,'video','2009-12-20 08:54:19','2020-06-25 17:37:50'),(2,'photo','2020-06-25 17:37:05','2020-06-25 17:37:50'),(3,'audio','1980-05-26 18:27:51','2020-06-25 17:37:50');
/*!40000 ALTER TABLE `media_types` ENABLE KEYS */;
UNLOCK TABLES;

--
-- Table structure for table `messages`
--

DROP TABLE IF EXISTS `messages`;
/*!40101 SET @saved_cs_client     = @@character_set_client */;
/*!50503 SET character_set_client = utf8mb4 */;
CREATE TABLE `messages` (
  `id` int unsigned NOT NULL AUTO_INCREMENT COMMENT '╨Ш╨┤╨╡╨╜╤В╨╕╤Д╨╕╨║╨░╤В╨╛╤А ╤Б╤В╤А╨╛╨║╨╕',
  `from_user_id` int unsigned NOT NULL COMMENT '╨б╤Б╤Л╨╗╨║╨░ ╨╜╨░ ╨╛╤В╨┐╤А╨░╨▓╨╕╤В╨╡╨╗╤П ╤Б╨╛╨╛╨▒╤Й╨╡╨╜╨╕╤П',
  `to_user_id` int unsigned NOT NULL COMMENT '╨б╤Б╤Л╨╗╨║╨░ ╨╜╨░ ╨┐╨╛╨╗╤Г╤З╨░╤В╨╡╨╗╤П ╤Б╨╛╨╛╨▒╤Й╨╡╨╜╨╕╤П',
  `body` text CHARACTER SET utf8 COLLATE utf8_unicode_ci NOT NULL COMMENT '╨в╨╡╨║╤Б╤В ╤Б╨╛╨╛╨▒╤Й╨╡╨╜╨╕╤П',
  `is_important` tinyint(1) DEFAULT NULL COMMENT '╨Я╤А╨╕╨╖╨╜╨░╨║ ╨▓╨░╨╢╨╜╨╛╤Б╤В╨╕',
  `is_delivered` tinyint(1) DEFAULT NULL COMMENT '╨Я╤А╨╕╨╖╨╜╨░╨║ ╨┤╨╛╤Б╤В╨░╨▓╨║╨╕',
  `created_at` datetime DEFAULT CURRENT_TIMESTAMP COMMENT '╨Т╤А╨╡╨╝╤П ╤Б╨╛╨╖╨┤╨░╨╜╨╕╤П ╤Б╤В╤А╨╛╨║╨╕',
  `updated_at` datetime DEFAULT CURRENT_TIMESTAMP ON UPDATE CURRENT_TIMESTAMP COMMENT '╨Т╤А╨╡╨╝╤П ╨╛╨▒╨╜╨╛╨▓╨╗╨╡╨╜╨╕╤П ╤Б╤В╤А╨╛╨║╨╕',
  PRIMARY KEY (`id`)
) ENGINE=InnoDB AUTO_INCREMENT=101 DEFAULT CHARSET=utf8 COLLATE=utf8_unicode_ci COMMENT='╨б╨╛╨╛╨▒╤Й╨╡╨╜╨╕╤П';
/*!40101 SET character_set_client = @saved_cs_client */;

--
-- Dumping data for table `messages`
--

LOCK TABLES `messages` WRITE;
/*!40000 ALTER TABLE `messages` DISABLE KEYS */;
INSERT INTO `messages` VALUES (1,83,5,'Unde maiores vitae dolorem dolores.',1,1,'1982-06-10 00:25:16','2020-06-25 06:56:12'),(2,41,12,'Nostrum iusto qui asperiores.',1,0,'2018-09-24 20:21:35','2020-06-25 06:56:12'),(3,54,69,'Sapiente qui vitae sapiente dolor qui dolorem.',0,0,'1973-12-15 14:36:30','2020-06-25 06:56:12'),(4,47,81,'Aut aut quia repellat natus consequatur debitis eligendi.',0,1,'1984-01-12 19:24:42','2020-06-25 06:56:12'),(5,72,8,'Rerum similique ut unde qui.',1,1,'2019-05-28 01:50:20','2020-06-25 06:56:12'),(6,17,99,'Et dolorum ad consequatur tenetur eos minima et.',1,1,'2012-11-21 07:06:43','2020-06-25 06:56:12'),(7,71,36,'Sed magni alias rem unde rerum accusantium.',1,0,'1997-08-26 23:29:41','2020-06-25 06:56:12'),(8,1,90,'Ullam voluptas et voluptas soluta accusamus velit.',1,1,'2003-08-27 06:12:54','2020-06-25 06:56:12'),(9,92,64,'Facilis voluptatem sunt molestiae rerum adipisci libero.',0,0,'2005-01-13 23:35:13','2020-06-25 06:56:12'),(10,56,76,'Iusto libero nostrum dignissimos corrupti laboriosam id et sed.',1,0,'2014-07-29 05:05:46','2020-06-25 06:56:12'),(11,3,92,'Perferendis dolorem debitis perferendis necessitatibus incidunt ab eum adipisci.',0,0,'2005-01-08 21:15:54','2020-06-25 06:56:12'),(12,49,92,'Aut impedit delectus expedita ut rem non a officiis.',1,1,'1982-10-28 11:46:16','2020-06-25 06:56:12'),(13,33,85,'Possimus nulla sint molestias nesciunt officia perferendis.',0,1,'1979-08-22 07:17:30','2020-06-25 06:56:12'),(14,20,41,'Aut odio rerum corrupti perferendis et sed.',1,1,'1984-04-19 18:30:52','2020-06-25 06:56:12'),(15,98,57,'Maxime dolorum voluptas quia ad ipsum deserunt id qui.',0,1,'2006-06-30 04:14:56','2020-06-25 06:56:12'),(16,31,80,'Odio sed doloremque dolore tenetur officia error sunt.',1,0,'2017-01-16 04:42:28','2020-06-25 06:56:12'),(17,58,9,'Tempore officiis magnam quibusdam eaque.',1,0,'1999-03-10 14:36:26','2020-06-25 06:56:12'),(18,99,55,'Odit voluptas quasi doloribus non quia quod at iste.',0,1,'2018-10-19 17:34:04','2020-06-25 06:56:12'),(19,20,31,'Enim est maiores cum ut.',1,1,'1988-08-05 21:36:02','2020-06-25 06:56:12'),(20,1,97,'Nihil eos at voluptates molestiae sit architecto sed quis.',1,0,'2017-06-13 21:30:08','2020-06-25 06:56:12'),(21,46,59,'Quo dolores soluta dolor et nam.',0,1,'1980-04-18 08:58:56','2020-06-25 06:56:12'),(22,27,14,'Natus quas animi iure in dolore consectetur.',1,0,'2011-01-03 20:20:38','2020-06-25 06:56:12'),(23,98,8,'Libero quae sint laboriosam qui non aspernatur eum.',1,1,'2010-03-28 23:20:00','2020-06-25 06:56:12'),(24,6,90,'Laboriosam iste laboriosam qui magni veniam aperiam.',0,1,'2007-11-18 16:24:30','2020-06-25 06:56:12'),(25,35,73,'Itaque porro voluptas ut quam autem.',0,1,'1987-01-24 07:23:46','2020-06-25 06:56:12'),(26,56,69,'Earum quia quaerat nihil praesentium in aperiam.',0,0,'2014-07-18 04:57:38','2020-06-25 06:56:12'),(27,77,6,'Et vitae est aut nulla qui.',0,1,'2006-01-08 01:10:43','2020-06-25 06:56:12'),(28,16,13,'Soluta velit ducimus sint quia.',1,1,'1980-07-15 10:14:16','2020-06-25 06:56:12'),(29,47,69,'Amet laboriosam nihil sunt repudiandae.',1,1,'2000-02-20 21:54:28','2020-06-25 06:56:12'),(30,86,35,'Provident omnis aperiam eligendi fuga nam dolorum molestias.',1,0,'1990-10-22 23:14:08','2020-06-25 06:56:12'),(31,91,30,'Rerum consequuntur ad iure quis.',1,1,'2010-11-16 18:49:45','2020-06-25 06:56:12'),(32,97,73,'Ad architecto maxime magni fugit facilis.',1,0,'1987-12-14 01:09:46','2020-06-25 06:56:12'),(33,12,46,'Iste quibusdam perferendis perferendis quae sint temporibus natus.',1,1,'2009-02-08 19:25:41','2020-06-25 06:56:12'),(34,68,98,'Ipsam asperiores sit inventore eveniet.',0,1,'1981-06-21 14:24:14','2020-06-25 06:56:12'),(35,4,53,'Est aut ipsa et ut sed.',1,1,'1971-10-17 04:37:13','2020-06-25 06:56:12'),(36,14,54,'Atque debitis dicta ipsa ducimus.',1,1,'2003-01-23 16:03:11','2020-06-25 06:56:12'),(37,58,97,'Voluptas beatae ipsam nesciunt molestiae quaerat repudiandae sed et.',0,1,'2016-12-04 09:20:54','2020-06-25 06:56:12'),(38,49,89,'Iusto est qui inventore iure dolores vitae.',1,0,'2018-02-23 06:05:13','2020-06-25 06:56:12'),(39,71,44,'Dicta sed ea nihil vel.',1,1,'1996-06-21 06:07:55','2020-06-25 06:56:12'),(40,5,61,'Nam recusandae iure voluptatem.',1,1,'2007-06-15 21:27:45','2020-06-25 06:56:12'),(41,11,64,'Occaecati est eius incidunt nemo maiores eos.',1,0,'1980-07-15 18:24:49','2020-06-25 06:56:12'),(42,42,35,'Praesentium hic laudantium est recusandae nemo explicabo architecto.',0,0,'1980-09-02 14:52:08','2020-06-25 06:56:12'),(43,77,53,'Voluptatem sapiente iusto qui sit cupiditate iusto quod.',0,0,'2003-06-26 00:03:13','2020-06-25 06:56:12'),(44,59,48,'Dolores et magnam debitis sit et voluptatum qui.',0,1,'1984-07-07 13:16:10','2020-06-25 06:56:12'),(45,62,75,'Exercitationem est eum non quo adipisci.',0,1,'1991-12-27 14:59:19','2020-06-25 06:56:12'),(46,32,9,'Consequatur vitae neque perferendis accusantium explicabo ipsum.',0,0,'1983-09-11 23:06:03','2020-06-25 06:56:12'),(47,75,27,'Recusandae in ipsum doloribus sed consectetur et.',0,0,'1981-05-30 13:51:50','2020-06-25 06:56:12'),(48,80,83,'Omnis maxime sit eum laborum expedita reprehenderit consequuntur odio.',0,0,'1985-07-07 12:29:21','2020-06-25 06:56:12'),(49,71,63,'Reprehenderit molestiae expedita aut a voluptas saepe delectus.',0,0,'1986-08-23 21:51:04','2020-06-25 06:56:12'),(50,15,58,'Sint ut quas fugit et.',1,0,'2015-03-02 17:22:54','2020-06-25 06:56:12'),(51,64,80,'Velit quia quia officia.',0,0,'1976-03-05 02:10:57','2020-06-25 06:56:12'),(52,74,22,'Ut ipsa cupiditate enim.',1,1,'1998-02-24 11:04:25','2020-06-25 06:56:12'),(53,78,71,'Numquam labore et suscipit aut.',0,0,'1982-03-06 16:20:56','2020-06-25 06:56:12'),(54,66,87,'Eaque doloremque veniam maxime numquam enim ipsam.',1,1,'2001-09-20 08:35:53','2020-06-25 06:56:12'),(55,96,11,'Non aliquam inventore aliquid veniam molestiae placeat recusandae.',0,1,'2002-04-24 16:49:19','2020-06-25 06:56:12'),(56,79,43,'Ea qui voluptates ipsum animi.',1,0,'2020-05-11 08:25:46','2020-06-25 06:56:12'),(57,10,56,'Ea consectetur in omnis optio animi ex eveniet.',0,1,'1971-07-22 18:02:17','2020-06-25 06:56:12'),(58,13,17,'Ut autem quos aut qui aut reprehenderit.',0,0,'2004-10-12 15:41:14','2020-06-25 06:56:12'),(59,33,56,'Architecto modi officiis et quos doloremque.',0,1,'1988-07-31 10:46:25','2020-06-25 06:56:12'),(60,24,24,'Qui aperiam tenetur qui amet minima quis magnam.',1,0,'1987-09-03 02:17:37','2020-06-25 06:56:12'),(61,22,51,'Alias ex corrupti aliquam ea consequatur odio tempora.',0,1,'1988-10-14 09:57:46','2020-06-25 06:56:12'),(62,38,85,'Dolor quis nostrum tenetur quia.',1,0,'1973-06-09 12:51:13','2020-06-25 06:56:12'),(63,25,97,'Omnis aspernatur ipsa quod non iure nobis.',0,1,'2011-08-30 18:56:54','2020-06-25 06:56:12'),(64,7,96,'Quidem voluptates voluptas eos ut dolores.',1,0,'1976-01-28 19:41:05','2020-06-25 06:56:12'),(65,62,83,'Voluptas sint earum corrupti rerum quam ea.',0,0,'1973-12-07 22:15:50','2020-06-25 06:56:12'),(66,89,50,'Autem beatae eveniet omnis voluptatem doloribus et eligendi.',0,1,'1988-08-08 06:22:04','2020-06-25 06:56:12'),(67,59,49,'Itaque aperiam nobis quis sit quo dolore et.',1,1,'1973-07-09 10:54:03','2020-06-25 06:56:12'),(68,25,79,'Blanditiis nesciunt aut neque inventore ipsam magnam.',0,0,'1991-12-15 15:41:45','2020-06-25 06:56:12'),(69,50,38,'Et odit perspiciatis incidunt animi nam consequatur et.',1,0,'2019-01-17 17:34:37','2020-06-25 06:56:12'),(70,73,92,'Quod amet voluptates dignissimos consectetur cupiditate modi fugit.',1,1,'1984-04-30 12:13:16','2020-06-25 06:56:12'),(71,15,39,'Nostrum distinctio voluptatibus nostrum saepe.',0,0,'1988-06-15 07:31:48','2020-06-25 06:56:12'),(72,55,2,'Occaecati eos aspernatur repudiandae iure deserunt hic et.',1,0,'1979-03-25 16:45:41','2020-06-25 06:56:12'),(73,28,26,'Aut a dicta distinctio eligendi.',1,0,'2008-04-01 09:17:44','2020-06-25 06:56:12'),(74,78,92,'Et laboriosam et repudiandae dolorum.',0,0,'1978-02-08 04:04:08','2020-06-25 06:56:12'),(75,3,49,'Maiores voluptas ratione autem ea nesciunt ea.',0,1,'2011-08-02 18:21:15','2020-06-25 06:56:12'),(76,81,1,'Omnis asperiores numquam quisquam id sapiente.',1,1,'2010-05-21 04:18:16','2020-06-25 06:56:12'),(77,97,100,'Sed velit voluptates quasi quod.',0,1,'2013-09-22 01:31:03','2020-06-25 06:56:12'),(78,39,76,'Quae dolore quidem id dolorem esse omnis molestiae.',1,1,'2008-10-29 18:53:33','2020-06-25 06:56:12'),(79,3,83,'Incidunt esse eveniet ipsa doloribus.',1,0,'1983-09-20 13:24:33','2020-06-25 06:56:12'),(80,97,63,'Dolores est repellendus minus est et atque et a.',1,0,'1998-12-04 01:16:56','2020-06-25 06:56:12'),(81,75,33,'Minima quia magni provident dicta.',0,1,'1988-11-26 18:22:17','2020-06-25 06:56:12'),(82,86,63,'Omnis ullam non ipsa doloremque laborum.',0,1,'2014-01-05 12:18:17','2020-06-25 06:56:12'),(83,2,84,'A et doloremque magnam labore.',0,0,'2000-02-10 00:50:12','2020-06-25 06:56:12'),(84,52,3,'Ut laudantium molestiae minima.',0,1,'1996-08-02 18:14:18','2020-06-25 06:56:12'),(85,56,50,'Ab architecto tempore quas sit qui esse ut distinctio.',0,1,'1980-04-13 07:27:31','2020-06-25 06:56:12'),(86,21,95,'Quia omnis consequatur iure repudiandae ullam sint.',0,0,'1992-09-20 01:43:59','2020-06-25 06:56:12'),(87,36,46,'Expedita ab ratione tempore at rem.',0,0,'1982-07-01 19:32:00','2020-06-25 06:56:12'),(88,16,6,'Ipsum ducimus nulla aut autem ut consequuntur sed.',0,1,'1995-06-16 09:27:53','2020-06-25 06:56:12'),(89,72,11,'Perferendis consequatur quam repudiandae sed tempore.',1,1,'1995-06-16 02:14:38','2020-06-25 06:56:12'),(90,14,1,'Aut accusantium vel voluptas sit.',1,0,'1993-07-05 16:54:02','2020-06-25 06:56:12'),(91,51,29,'Aliquam doloribus numquam facilis asperiores eaque.',1,1,'1991-08-11 15:42:22','2020-06-25 06:56:12'),(92,15,61,'Voluptatem sit optio officia ut dignissimos commodi.',0,1,'1994-06-24 04:14:00','2020-06-25 06:56:12'),(93,19,85,'Modi repudiandae maxime amet omnis et.',1,1,'2016-12-03 03:55:14','2020-06-25 06:56:12'),(94,52,26,'Ut atque sit dolore culpa asperiores sequi aliquam.',0,0,'1979-03-10 14:52:07','2020-06-25 06:56:12'),(95,100,57,'Atque fugit a impedit veritatis.',0,0,'2005-11-02 16:37:24','2020-06-25 06:51:43'),(96,43,67,'At occaecati odit sint a expedita.',1,0,'1996-02-09 13:31:27','2020-06-25 06:56:12'),(97,17,75,'Aut vel similique unde nesciunt accusantium quam impedit.',0,1,'1990-07-02 21:32:28','2020-06-25 06:56:12'),(98,57,5,'Commodi est quia ea exercitationem sint unde.',0,1,'1975-01-04 19:41:17','2020-06-25 06:56:12'),(99,30,46,'Qui a sunt molestiae odit quisquam nostrum.',0,1,'2003-10-23 16:30:10','2020-06-25 06:56:12'),(100,80,13,'Dolorum omnis ipsum nemo non explicabo corrupti voluptatem.',1,0,'2005-03-05 03:39:50','2020-06-25 06:56:12');
/*!40000 ALTER TABLE `messages` ENABLE KEYS */;
UNLOCK TABLES;

--
-- Table structure for table `profiles`
--

DROP TABLE IF EXISTS `profiles`;
/*!40101 SET @saved_cs_client     = @@character_set_client */;
/*!50503 SET character_set_client = utf8mb4 */;
CREATE TABLE `profiles` (
  `user_id` int unsigned NOT NULL COMMENT '╨б╤Б╤Л╨╗╨║╨░ ╨╜╨░ ╨┐╨╛╨╗╤М╨╖╨╛╨▓╨░╤В╨╡╨╗╤П',
  `gender` char(1) CHARACTER SET utf8 COLLATE utf8_unicode_ci NOT NULL COMMENT '╨Я╨╛╨╗',
  `birthday` date DEFAULT NULL COMMENT '╨Ф╨░╤В╨░ ╤А╨╛╨╢╨┤╨╡╨╜╨╕╤П',
  `photo_id` int unsigned DEFAULT NULL COMMENT '╨б╤Б╤Л╨╗╨║╨░ ╨╜╨░ ╨╛╤Б╨╜╨╛╨▓╨╜╤Г╤О ╤Д╨╛╤В╨╛╨│╤А╨░╤Д╨╕╤О ╨┐╨╛╨╗╤М╨╖╨╛╨▓╨░╤В╨╡╨╗╤П',
  `city` varchar(130) CHARACTER SET utf8 COLLATE utf8_unicode_ci DEFAULT NULL COMMENT '╨У╨╛╤А╨╛╨┤ ╨┐╤А╨╛╨╢╨╕╨▓╨░╨╜╨╕╤П',
  `country` varchar(130) CHARACTER SET utf8 COLLATE utf8_unicode_ci DEFAULT NULL COMMENT '╨б╤В╤А╨░╨╜╨░ ╨┐╤А╨╛╨╢╨╕╨▓╨░╨╜╨╕╤П',
  `created_at` datetime DEFAULT CURRENT_TIMESTAMP COMMENT '╨Т╤А╨╡╨╝╤П ╤Б╨╛╨╖╨┤╨░╨╜╨╕╤П ╤Б╤В╤А╨╛╨║╨╕',
  `updated_at` datetime DEFAULT CURRENT_TIMESTAMP ON UPDATE CURRENT_TIMESTAMP COMMENT '╨Т╤А╨╡╨╝╤П ╨╛╨▒╨╜╨╛╨▓╨╗╨╡╨╜╨╕╤П ╤Б╤В╤А╨╛╨║╨╕',
  PRIMARY KEY (`user_id`)
) ENGINE=InnoDB DEFAULT CHARSET=utf8 COLLATE=utf8_unicode_ci COMMENT='╨Я╤А╨╛╤Д╨╕╨╗╨╕';
/*!40101 SET character_set_client = @saved_cs_client */;

--
-- Dumping data for table `profiles`
--

LOCK TABLES `profiles` WRITE;
/*!40000 ALTER TABLE `profiles` DISABLE KEYS */;
INSERT INTO `profiles` VALUES (1,'f','1990-11-10',20,'East Kaylah','Azerbaijan','1994-11-08 11:36:34','2020-06-25 06:38:49'),(2,'f','1993-04-09',4,'Lake Abagailview','South Africa','1984-02-07 23:06:22','2020-06-25 06:38:49'),(3,'f','2004-06-07',96,'South Natalia','Finland','2014-04-25 18:55:48','2020-06-25 06:38:49'),(4,'f','1994-09-19',10,'Catharineville','Morocco','2008-06-14 01:20:31','2019-11-09 05:59:05'),(5,'f','2019-08-19',66,'West Brandi','Nigeria','1994-11-18 12:17:54','2020-06-25 06:38:49'),(6,'m','2007-09-12',30,'South Anya','Comoros','1980-09-08 14:30:17','2003-07-19 14:17:04'),(7,'f','2015-08-24',76,'North Eldon','Turks and Caicos Islands','1983-08-04 05:00:44','1986-11-21 15:44:39'),(8,'m','1991-12-20',78,'Nehamouth','Bangladesh','1981-02-03 04:57:16','2020-06-25 06:38:49'),(9,'f','2018-12-12',42,'West Retha','Afghanistan','2016-07-18 01:20:09','2020-06-25 06:38:49'),(10,'m','1985-02-03',100,'North Demetrisborough','Morocco','1990-07-21 17:08:15','2020-06-25 06:38:49'),(11,'f','1994-07-24',14,'North Telly','Congo','2016-07-29 16:49:21','2020-06-25 06:38:49'),(12,'m','1974-11-13',14,'Lake Ofeliafurt','Mozambique','2006-05-27 13:48:24','2011-12-07 06:53:22'),(13,'m','1984-03-03',64,'South Naomifort','Singapore','1990-09-10 00:08:54','2020-06-25 06:38:49'),(14,'f','1995-11-30',59,'South Hettie','Guatemala','2004-12-24 07:01:19','2020-06-25 06:38:49'),(15,'m','2007-06-24',27,'North Griffinbury','Singapore','2001-09-04 22:44:28','2020-06-25 06:38:49'),(16,'f','1978-04-28',35,'Americaborough','Nepal','2008-04-04 05:56:59','2020-06-25 06:38:49'),(17,'f','2000-09-27',98,'Marcellusside','Egypt','2011-03-20 18:35:06','2020-06-25 06:38:49'),(18,'f','1971-08-07',71,'Williamsonton','Sao Tome and Principe','1974-12-16 06:41:12','2020-06-25 06:38:49'),(19,'m','1991-10-10',30,'North Theoberg','Estonia','2013-05-27 05:09:05','2020-06-25 06:38:49'),(20,'m','1996-11-16',46,'Trompfort','Armenia','1987-09-24 18:16:05','2020-06-25 06:38:49'),(21,'m','1978-04-04',5,'Melissaport','Senegal','1990-12-03 09:18:15','1995-11-12 05:57:56'),(22,'m','1998-06-06',86,'North Zita','Bouvet Island (Bouvetoya)','1983-09-06 09:04:32','2020-06-25 06:38:49'),(23,'f','1988-06-02',44,'Casperport','Bolivia','1979-01-21 20:41:49','2019-12-12 10:29:45'),(24,'f','2020-04-01',43,'Cedrickfort','Germany','2016-02-01 16:55:22','2020-06-25 06:38:49'),(25,'m','1994-04-09',96,'Port Cody','Falkland Islands (Malvinas)','1989-12-17 11:41:48','1990-07-27 10:18:07'),(26,'m','2011-08-23',71,'Rosemarieview','Sweden','2002-01-18 17:46:45','2020-06-25 06:38:49'),(27,'f','1970-04-16',7,'Ruthburgh','Liberia','1987-12-15 02:34:56','2020-06-25 06:38:49'),(28,'f','1980-07-13',25,'South Dulceton','Solomon Islands','1979-07-12 03:24:29','2004-05-30 15:16:14'),(29,'f','1977-07-30',1,'Mazieburgh','United States Virgin Islands','2019-01-19 04:07:43','2020-06-25 06:38:49'),(30,'m','2009-09-23',67,'Karenville','Bolivia','2004-08-20 14:30:40','2020-06-25 06:38:49'),(31,'m','1980-02-21',29,'Lake Verdiebury','Jamaica','2014-11-05 02:37:09','2020-06-25 06:38:49'),(32,'f','1988-02-01',66,'Abelardoview','Bouvet Island (Bouvetoya)','2006-05-11 17:33:55','2020-06-25 06:38:49'),(33,'m','2003-08-11',88,'Lake Adelaport','Papua New Guinea','1991-10-01 22:44:07','2020-06-25 06:38:49'),(34,'m','2016-11-01',86,'Port Carletontown','Bulgaria','2006-10-06 14:57:23','2009-10-08 02:13:08'),(35,'f','1996-02-01',14,'New Therese','Cote d\'Ivoire','1996-08-06 07:08:51','1999-04-14 17:24:52'),(36,'m','1974-06-17',56,'South Gwenport','Norway','1978-06-15 17:47:04','1991-04-05 03:16:16'),(37,'f','2018-04-25',38,'Liamouth','Slovakia (Slovak Republic)','1990-01-15 17:06:04','2020-06-25 06:38:49'),(38,'m','1972-10-19',51,'Lake Destiny','Liechtenstein','2016-10-04 18:37:20','2020-06-25 06:38:49'),(39,'f','1986-07-17',95,'Erickview','Sweden','2015-05-31 06:02:46','2020-06-25 06:38:49'),(40,'f','1972-10-28',56,'South Yessenia','United Arab Emirates','1994-02-09 16:59:18','2020-06-25 06:38:49'),(41,'m','1986-12-26',34,'North Janickton','Comoros','1997-11-13 05:23:47','2020-06-25 06:38:49'),(42,'m','1981-03-25',81,'South Mableberg','Burundi','2006-04-28 07:47:06','2020-06-25 06:38:49'),(43,'f','1981-05-04',67,'North Rocio','Guinea-Bissau','1992-09-23 06:00:27','2020-06-25 06:38:49'),(44,'f','2000-08-14',75,'Mullerbury','Saint Martin','2013-02-28 20:47:57','2020-06-25 06:38:49'),(45,'m','2019-02-09',99,'South Helgaville','Namibia','1995-12-24 07:23:59','2020-06-25 06:38:49'),(46,'m','2007-03-28',55,'Lake Giuseppemouth','Switzerland','1997-06-22 16:30:33','2020-06-25 06:38:49'),(47,'m','1977-12-26',77,'New Barry','Zimbabwe','1980-10-20 05:29:07','1997-01-21 18:51:11'),(48,'m','1992-08-01',71,'Lonieville','Costa Rica','2010-05-08 17:44:39','2020-06-25 06:38:49'),(49,'m','1998-08-07',26,'Langworthberg','Saint Pierre and Miquelon','1980-09-30 10:02:28','2014-10-24 00:25:34'),(50,'f','2019-09-08',17,'East Winifredstad','Kuwait','1991-11-26 11:39:24','2018-12-19 13:22:48'),(51,'m','1970-07-22',14,'Lindton','Panama','1988-09-18 13:20:27','2015-04-06 07:50:19'),(52,'f','2001-05-15',20,'East Theresia','Wallis and Futuna','1978-05-07 14:49:19','2020-06-25 06:38:49'),(53,'f','2001-01-05',68,'Layneton','Austria','2006-12-15 08:43:56','2020-06-25 06:38:49'),(54,'f','2005-10-29',72,'Port Leanna','Malawi','1996-08-26 12:29:31','2020-06-25 06:38:49'),(55,'m','1984-06-27',55,'Lake Samview','Zambia','1991-12-31 23:24:46','2020-06-25 06:38:49'),(56,'m','1995-02-13',70,'West Emeraldfort','Greenland','2011-08-18 22:09:02','2020-06-25 06:38:49'),(57,'m','1978-12-27',15,'Dollybury','Thailand','1999-02-13 22:49:06','2020-06-25 06:38:49'),(58,'m','2019-08-31',69,'South Kristinport','Mexico','2004-05-02 07:19:19','2020-06-25 06:38:49'),(59,'f','1972-04-05',29,'South Ferminview','Gibraltar','1996-11-03 07:21:31','1996-11-26 22:54:48'),(60,'m','1989-10-04',26,'Port Vernerstad','Nauru','2014-10-14 07:28:52','2020-06-25 06:38:49'),(61,'m','1970-04-10',100,'South Leilafort','Antigua and Barbuda','1996-04-18 17:19:37','2020-06-25 06:38:49'),(62,'f','1983-11-01',100,'Vandervortmouth','Dominican Republic','1970-01-20 05:26:35','1993-11-27 08:13:59'),(63,'f','2007-10-04',17,'West Kale','Swaziland','2018-05-11 13:29:01','2020-06-25 06:38:49'),(64,'m','1970-12-14',9,'Beahanfurt','Guadeloupe','1978-02-10 00:20:52','2015-10-25 10:16:38'),(65,'m','1976-03-15',54,'Amandatown','Isle of Man','2009-08-25 09:55:46','2020-06-25 06:38:49'),(66,'f','1981-06-04',55,'Zboncakmouth','Georgia','1995-07-24 18:06:51','2020-06-25 06:38:49'),(67,'m','1996-05-29',75,'Bradtkeside','Yemen','1974-02-19 06:30:13','1989-02-25 19:45:24'),(68,'f','2017-07-02',53,'West Marielleton','Taiwan','2005-08-12 18:28:36','2020-06-25 06:38:49'),(69,'m','2002-08-19',1,'East Clay','Saint Helena','1988-10-22 10:59:45','2013-12-24 18:40:15'),(70,'f','1976-12-04',21,'Pourosville','Belize','1973-12-15 12:51:12','2003-05-04 18:15:47'),(71,'m','1996-10-24',98,'West Dominique','Japan','1985-03-08 08:14:56','2020-06-25 06:38:49'),(72,'m','2018-04-15',75,'North Antonioburgh','Puerto Rico','1981-11-22 20:25:05','2013-10-23 15:15:44'),(73,'f','2005-03-22',64,'South Lauryn','Taiwan','1975-03-07 20:02:38','2020-06-25 06:38:49'),(74,'f','2012-12-13',58,'Goldenfort','Dominican Republic','2019-06-17 15:31:46','2020-06-25 06:38:49'),(75,'f','1976-02-11',80,'Lake Enaville','Somalia','1975-10-30 11:49:17','2012-10-11 15:51:21'),(76,'f','1982-06-27',80,'New Asha','Ukraine','1983-07-15 00:33:49','2020-06-25 06:38:49'),(77,'f','2007-01-26',42,'North Adolphmouth','Korea','1974-09-02 05:11:07','1989-08-19 00:30:57'),(78,'f','1996-08-14',4,'Minnieville','Liechtenstein','1990-12-11 23:38:56','2020-06-25 06:38:49'),(79,'f','2004-06-26',85,'Wizabury','Saint Pierre and Miquelon','1974-05-02 13:05:45','2015-05-18 15:07:37'),(80,'m','1997-10-05',7,'Rachaelland','Zimbabwe','2012-08-13 11:34:10','2020-06-25 06:38:49'),(81,'f','1995-07-08',87,'Jonatanside','Italy','1987-06-09 23:12:08','2008-12-07 02:58:18'),(82,'f','2009-03-30',59,'South Adanbury','El Salvador','1980-08-20 11:21:13','2010-10-15 09:12:39'),(83,'m','2013-06-29',36,'Jennieport','Grenada','1996-01-30 17:02:03','2020-06-25 06:38:49'),(84,'f','1974-06-11',58,'Port Lydia','Cote d\'Ivoire','2003-11-20 12:30:31','2010-06-28 20:20:40'),(85,'m','1979-08-19',29,'Aliyahfort','Sierra Leone','1987-04-11 14:01:11','2020-06-25 06:38:49'),(86,'m','1982-07-31',12,'Lake Stanton','Cuba','2016-02-22 23:24:13','2020-06-25 06:38:49'),(87,'m','2001-03-15',21,'Andersonview','Congo','1980-09-08 18:27:19','2020-06-25 06:38:49'),(88,'f','1999-02-28',65,'West Imaniside','Chad','1974-07-09 06:34:51','2006-03-25 12:40:40'),(89,'m','1985-05-07',26,'Liaville','El Salvador','2017-10-17 23:09:56','2020-06-25 06:38:49'),(90,'m','1999-11-08',81,'New Siennaside','Palestinian Territory','2003-03-12 05:20:55','2020-06-25 06:38:49'),(91,'f','1994-12-14',32,'East Maryjane','Finland','2001-03-02 04:58:41','2020-06-25 06:38:49'),(92,'f','1982-03-10',100,'Nealside','Tunisia','2004-01-22 15:25:03','2020-06-25 06:38:49'),(93,'f','2007-01-28',38,'South Frankmouth','Sudan','2000-10-20 08:18:14','2020-06-25 06:38:49'),(94,'m','1993-04-21',26,'Kaileyland','Saint Martin','2020-02-24 18:37:04','2020-06-25 06:38:49'),(95,'f','1978-10-02',65,'Predovicfurt','Japan','2005-02-14 17:09:33','2006-04-07 05:25:34'),(96,'m','1974-07-11',73,'Jazmynburgh','Ethiopia','1980-10-12 03:55:27','2020-06-01 02:25:38'),(97,'f','1993-04-14',69,'West Reneside','Italy','1979-03-17 06:20:11','1992-04-21 14:53:10'),(98,'m','2001-10-07',93,'Port Britney','Qatar','2017-04-17 05:45:43','2020-06-25 06:38:49'),(99,'f','2019-02-19',34,'West Michaelburgh','Syrian Arab Republic','2017-10-12 10:06:01','2020-06-25 06:38:49'),(100,'f','2000-02-14',43,'Hayesville','Somalia','1999-01-03 07:43:02','2020-06-25 06:38:49');
/*!40000 ALTER TABLE `profiles` ENABLE KEYS */;
UNLOCK TABLES;

--
-- Table structure for table `users`
--

DROP TABLE IF EXISTS `users`;
/*!40101 SET @saved_cs_client     = @@character_set_client */;
/*!50503 SET character_set_client = utf8mb4 */;
CREATE TABLE `users` (
  `id` int unsigned NOT NULL AUTO_INCREMENT COMMENT '╨Ш╨┤╨╡╨╜╤В╨╕╤Д╨╕╨║╨░╤В╨╛╤А ╤Б╤В╤А╨╛╨║╨╕',
  `first_name` varchar(100) CHARACTER SET utf8 COLLATE utf8_unicode_ci NOT NULL COMMENT '╨Ш╨╝╤П ╨┐╨╛╨╗╤М╨╖╨╛╨▓╨░╤В╨╡╨╗╤П',
  `last_name` varchar(100) CHARACTER SET utf8 COLLATE utf8_unicode_ci NOT NULL COMMENT '╨д╨░╨╝╨╕╨╗╨╕╤П ╨┐╨╛╨╗╤М╨╖╨╛╨▓╨░╤В╨╡╨╗╤П',
  `email` varchar(100) CHARACTER SET utf8 COLLATE utf8_unicode_ci NOT NULL COMMENT '╨Я╨╛╤З╤В╨░',
  `phone` varchar(100) CHARACTER SET utf8 COLLATE utf8_unicode_ci NOT NULL COMMENT '╨в╨╡╨╗╨╡╤Д╨╛╨╜',
  `created_at` datetime DEFAULT CURRENT_TIMESTAMP COMMENT '╨Т╤А╨╡╨╝╤П ╤Б╨╛╨╖╨┤╨░╨╜╨╕╤П ╤Б╤В╤А╨╛╨║╨╕',
  `updated_at` datetime DEFAULT CURRENT_TIMESTAMP ON UPDATE CURRENT_TIMESTAMP COMMENT '╨Т╤А╨╡╨╝╤П ╨╛╨▒╨╜╨╛╨▓╨╗╨╡╨╜╨╕╤П ╤Б╤В╤А╨╛╨║╨╕',
  PRIMARY KEY (`id`),
  UNIQUE KEY `email` (`email`),
  UNIQUE KEY `phone` (`phone`)
) ENGINE=InnoDB AUTO_INCREMENT=101 DEFAULT CHARSET=utf8 COLLATE=utf8_unicode_ci COMMENT='╨Я╨╛╨╗╤М╨╖╨╛╨▓╨░╤В╨╡╨╗╨╕';
/*!40101 SET character_set_client = @saved_cs_client */;

--
-- Dumping data for table `users`
--

LOCK TABLES `users` WRITE;
/*!40000 ALTER TABLE `users` DISABLE KEYS */;
INSERT INTO `users` VALUES (1,'Kaycee','Weimann','bogisich.lisette@example.org','+67(3)3239649922','1977-05-12 04:43:54','1990-06-28 19:26:21'),(2,'Maxwell','Weimann','tito.cruickshank@example.com','237.711.0959x30142','2003-08-25 17:21:17','2010-11-25 01:01:57'),(3,'Emilia','Reichert','kiehn.wilmer@example.com','1-484-168-7884','1971-08-15 22:07:51','2014-08-04 22:24:14'),(4,'Pat','Gleason','nader.lucienne@example.net','1-477-331-7765x141','2001-02-19 10:39:44','2020-06-25 06:35:25'),(5,'Leonora','Wiza','nitzsche.steve@example.net','1-375-931-0149x74159','1988-11-06 23:19:21','2020-06-25 06:35:25'),(6,'Keeley','Walter','fernser@example.org','411-957-1082','1979-04-17 11:34:01','2003-02-21 13:17:22'),(7,'Melvin','Howe','ernser.amanda@example.net','1-999-626-6522x64597','1979-11-17 06:23:03','2019-11-19 04:29:33'),(8,'Hubert','Wolf','orrin77@example.net','727-448-4632x16770','1987-02-02 23:11:03','1992-11-10 04:41:01'),(9,'Macey','Brakus','schultz.lottie@example.net','(756)702-0108','1993-09-11 17:41:28','2020-06-25 06:35:25'),(10,'Sharon','Willms','haleigh98@example.net','+99(8)5892151251','1983-06-30 08:50:05','1990-06-10 09:13:22'),(11,'Colin','Fadel','jamal.cronin@example.net','063-896-4585','1979-01-21 07:26:33','2002-12-01 04:37:20'),(12,'Felicity','Wiza','kitty.olson@example.net','(028)446-4968x85274','1970-05-06 08:42:41','2018-09-28 11:47:55'),(13,'Rosanna','Bahringer','mayert.chyna@example.com','+17(8)0300322254','2006-05-14 17:01:55','2011-10-19 07:43:26'),(14,'Margarete','Roob','jwest@example.net','575-500-2775x5655','1976-03-11 04:40:22','2013-12-19 23:31:23'),(15,'Myriam','Littel','tzieme@example.com','02585499143','1977-12-11 11:48:04','2006-06-08 02:52:53'),(16,'Lionel','Legros','elegros@example.net','825-325-8923x75818','2003-10-31 23:16:14','2020-06-25 06:35:25'),(17,'Kira','Smitham','matt.hilpert@example.org','01826453599','2006-05-26 16:24:35','2020-06-25 06:35:25'),(18,'Joshua','Cummerata','ecronin@example.net','080.936.3721x507','2017-06-13 18:31:10','2020-06-25 06:35:25'),(19,'Max','Schneider','gia.ratke@example.com','1-467-927-1349x694','2003-03-29 00:13:53','2020-06-25 06:35:25'),(20,'Jeanne','Labadie','felton.kirlin@example.com','397-397-1720x5431','1976-09-20 15:16:31','2009-07-15 08:48:07'),(21,'Grady','Veum','trystan00@example.org','831-638-8358x97624','2014-03-16 03:44:29','2020-06-25 06:35:25'),(22,'Baylee','Goodwin','jennings37@example.org','+34(4)2337931552','1996-12-17 04:41:52','2010-05-16 16:18:54'),(23,'Roslyn','Dickens','naomi.heathcote@example.com','1-029-575-2451','2005-01-30 13:57:50','2020-06-25 06:35:25'),(24,'Martine','Rippin','etha49@example.org','(146)109-2170x419','1973-11-07 08:01:58','2003-11-01 08:22:57'),(25,'Monte','Gulgowski','zfisher@example.net','1-484-918-8446','2012-02-05 14:59:35','2020-06-25 06:35:25'),(26,'Ladarius','Morissette','zoila.frami@example.net','00146298418','1987-01-15 03:47:58','2020-06-25 06:35:25'),(27,'Jerrod','Corwin','skiles.hans@example.com','04487361711','1979-11-30 18:17:38','1982-05-10 11:07:41'),(28,'Lottie','Champlin','thurman.klein@example.net','349.322.7922x884','1998-02-15 09:08:43','2009-09-13 14:16:26'),(29,'Kyleigh','Wunsch','ashly71@example.com','348.255.2687x978','1996-05-06 03:14:49','2016-09-21 09:55:04'),(30,'Birdie','Hudson','rhane@example.net','1-809-687-3795','1990-01-03 18:25:03','2020-06-25 06:35:25'),(31,'Sage','Pfannerstill','ymoore@example.net','606-879-9901x314','1995-02-12 18:45:16','2020-06-25 06:35:25'),(32,'Zelda','Parisian','schuster.jake@example.net','01426403107','1974-04-03 05:09:29','2010-01-12 18:31:40'),(33,'Mattie','Boehm','eduardo.hessel@example.com','00925050829','2004-10-30 17:48:51','2020-06-25 06:35:25'),(34,'Karson','Steuber','kacie58@example.net','1-616-308-1730','2004-04-11 21:33:55','2015-12-24 01:54:59'),(35,'Silas','Littel','bertrand.jaskolski@example.net','+81(6)4585521599','2019-03-12 06:38:59','2020-06-25 06:35:25'),(36,'Laisha','Larkin','storphy@example.org','803-222-3555x0336','2001-02-09 02:14:14','2020-06-25 06:35:25'),(37,'Sydnie','Johns','schumm.jaycee@example.net','670.962.1566','1988-11-04 16:40:24','1992-09-02 00:08:15'),(38,'Alexandrine','McClure','auer.avery@example.net','(247)448-1420x41162','1994-10-26 20:50:32','2020-06-25 06:35:25'),(39,'Philip','Dach','maribel68@example.com','1-479-395-9334x471','2010-06-17 11:30:54','2020-06-25 06:35:25'),(40,'Wilton','Torp','adah.jast@example.com','(498)049-0095','1974-01-31 00:48:21','2003-08-22 15:17:40'),(41,'Sheridan','Green','schiller.ericka@example.net','1-094-774-4128','2006-03-01 16:55:36','2020-06-25 06:35:25'),(42,'Kamron','Krajcik','minnie54@example.org','01685495010','1983-02-02 05:08:39','2020-06-25 06:35:25'),(43,'Zoe','Toy','iheller@example.org','629.181.9214','2016-11-28 19:46:17','2020-06-25 06:35:25'),(44,'Ralph','Schinner','orn.leatha@example.net','+82(0)8381274107','1998-08-03 18:37:24','2020-06-25 06:35:25'),(45,'Malinda','Boyer','evalyn.spencer@example.com','598.250.4063x7932','2014-08-17 11:22:16','2020-06-25 06:35:25'),(46,'Freda','Jast','alexandro88@example.org','042.706.5713','1992-01-12 04:32:29','1993-06-15 12:11:52'),(47,'Leanne','Waelchi','qlemke@example.net','1-985-229-7112x03576','2006-05-20 01:17:53','2009-12-13 00:32:25'),(48,'Jaylan','Anderson','zmueller@example.com','815-179-2496','1971-01-10 07:07:25','1983-09-13 20:49:29'),(49,'Kattie','Welch','brycen29@example.org','1-245-257-4054x8727','1979-02-15 06:45:45','2009-05-13 01:47:55'),(50,'Dashawn','Tremblay','lnikolaus@example.com','565-062-9529x2702','2008-10-21 12:20:13','2020-06-25 06:35:25'),(51,'Godfrey','Hamill','ocorwin@example.net','07010200322','2017-11-23 18:06:47','2020-06-25 06:35:25'),(52,'Citlalli','Schamberger','monserrate.kohler@example.net','340.680.6392','2003-04-13 10:13:36','2020-06-25 06:35:25'),(53,'Katharina','Hamill','skris@example.org','(185)726-1338','1973-03-06 01:44:32','2006-07-28 10:05:53'),(54,'Garnet','Mertz','hmacejkovic@example.org','925-800-4987x887','1970-06-19 22:59:15','1999-04-29 09:58:14'),(55,'Jameson','Stokes','ireilly@example.com','369.761.7246x637','1981-04-23 19:59:27','1998-01-12 01:59:00'),(56,'Valentin','Kessler','domingo.gerhold@example.net','399.176.4105x197','2010-08-23 19:37:10','2020-06-25 06:35:25'),(57,'Eveline','Mitchell','wmosciski@example.org','130-175-8723','1994-06-20 11:44:59','2018-07-18 05:46:39'),(58,'Ima','Ebert','larson.alene@example.org','1-756-731-9902','1998-07-31 12:05:43','2020-06-25 06:35:25'),(59,'Michaela','Bode','garfield.stanton@example.com','500-159-6306x5058','2019-02-12 04:22:42','2020-06-25 06:35:25'),(60,'Elisha','Strosin','lamont70@example.net','312.013.5865','2017-10-19 01:14:58','2020-06-25 06:35:25'),(61,'Lynn','Koelpin','mwaelchi@example.org','821.535.9606x500','2002-01-30 11:09:03','2002-07-27 01:50:24'),(62,'Vivian','Witting','zabshire@example.com','(544)916-7027x3701','1985-01-06 10:41:33','2002-01-01 14:56:26'),(63,'Eriberto','Schiller','cathy51@example.net','198-372-2063x734','2018-03-04 18:19:42','2020-06-25 06:35:25'),(64,'Xander','Rohan','jennyfer12@example.org','(502)523-0119x978','1996-04-10 15:56:16','1996-09-10 22:34:29'),(65,'Jovan','Gutmann','mcormier@example.net','+52(8)7659167093','1973-11-15 22:40:21','2000-09-15 02:52:04'),(66,'Martina','Goyette','collins.braden@example.org','(129)922-6915','1984-02-11 12:43:41','2020-06-25 06:35:25'),(67,'Carmelo','Abbott','kharvey@example.net','+15(0)8962282809','2006-05-07 22:41:59','2015-05-06 01:15:48'),(68,'Rosamond','Armstrong','annette73@example.net','705.862.9702x319','2011-01-11 13:49:02','2020-06-25 06:35:25'),(69,'Esta','Roberts','prohaska.rahsaan@example.org','505-288-8750x3566','1983-10-09 23:05:36','2009-02-03 12:14:32'),(70,'Garth','Lemke','shaun52@example.net','455.061.5814','2016-01-10 09:51:26','2020-06-25 06:35:25'),(71,'Elbert','Hickle','abraham.rippin@example.org','225-832-2877x5850','2017-09-30 23:52:53','2020-06-25 06:35:25'),(72,'Gussie','Hudson','khyatt@example.net','(204)812-2461x5021','1972-07-06 10:18:56','2003-09-15 00:38:26'),(73,'Mina','Hoppe','xbrown@example.com','517.095.4710','2008-08-07 10:31:09','2020-06-25 06:35:25'),(74,'Daphnee','Quitzon','salvador.ortiz@example.com','1-096-946-7119x657','1972-11-16 14:39:50','2008-08-20 18:26:21'),(75,'Damion','Jones','abner55@example.com','1-025-682-0173x303','1983-08-15 00:08:29','1989-01-25 03:56:01'),(76,'Marguerite','Hintz','dorcas.mcdermott@example.com','1-740-335-4955x4083','1997-04-07 01:31:13','2004-05-27 16:51:08'),(77,'Darius','Funk','willie.smith@example.net','709-290-3246','1972-07-28 21:21:03','1988-11-03 11:29:29'),(78,'Jake','Schinner','ivy92@example.net','02302959425','2020-03-09 18:28:17','2020-06-25 06:35:25'),(79,'Emerson','Turcotte','ferry.destin@example.net','366.449.2663','2010-11-14 22:27:08','2020-06-25 06:35:25'),(80,'Otha','King','jessika24@example.com','814-213-0565','2018-07-04 01:35:46','2020-06-25 06:35:25'),(81,'Maegan','Marvin','kovacek.william@example.net','1-371-470-9686x19588','2008-04-29 08:47:15','2016-01-16 23:29:11'),(82,'Arvilla','Kerluke','cecelia.mertz@example.org','(566)448-8122x00595','1986-04-06 00:05:27','2013-09-15 23:51:11'),(83,'Kaylie','Mann','qlowe@example.com','1-955-245-6883x7065','2006-10-25 23:56:25','2020-06-25 06:35:25'),(84,'Charles','Wiza','mosciski.halie@example.net','358.885.9674x701','2010-10-28 06:16:18','2020-06-25 06:35:25'),(85,'Dahlia','O\'Hara','lowe.sabryna@example.com','684-659-9875','1982-06-30 10:21:58','1985-09-07 23:55:56'),(86,'Bernita','Goodwin','will.liliana@example.org','08702666355','1983-04-03 06:51:37','1989-10-10 14:25:44'),(87,'Larue','Greenholt','nedra71@example.net','+46(2)1416558229','1971-12-10 12:08:48','2017-01-25 08:18:19'),(88,'Braulio','Kunde','haley51@example.org','(970)185-3533x57464','1970-12-01 01:01:41','1992-01-19 03:46:37'),(89,'Alta','Batz','konopelski.lenore@example.com','1-602-448-5430x122','1991-06-08 20:55:07','2019-01-17 16:23:35'),(90,'Rashad','Gleichner','xdooley@example.org','+74(3)8084614905','1986-10-27 00:29:01','2020-06-25 06:35:25'),(91,'Olaf','Kuhn','christy83@example.com','(549)924-7711x009','1995-08-20 21:49:48','2011-03-26 20:23:53'),(92,'Estelle','Ryan','mcclure.brad@example.org','671.361.2238x427','2019-10-03 08:55:20','2020-06-25 06:35:25'),(93,'Jude','Heaney','liza70@example.org','1-218-786-0140','1976-05-27 03:44:04','1989-02-17 14:44:59'),(94,'Adella','Schumm','senger.brayan@example.net','819-852-4148x7059','1979-09-25 19:07:47','1984-07-18 20:51:29'),(95,'Vince','Cummings','addie.o\'hara@example.net','01461559584','1997-01-21 14:23:18','2020-06-25 06:35:25'),(96,'Judah','Crona','rwyman@example.net','968-731-2105x6586','2013-03-17 04:27:03','2020-06-25 06:35:25'),(97,'Stuart','Schoen','hanna95@example.com','1-278-372-7233x0208','1995-04-16 20:47:56','2009-05-02 07:21:27'),(98,'Dejuan','West','vrogahn@example.com','1-134-353-6982x04086','1979-02-09 03:47:29','2018-10-23 21:23:10'),(99,'Cindy','Barton','retha33@example.com','05772114463','2015-04-27 03:08:05','2020-06-25 06:35:25'),(100,'Hilton','Zulauf','larson.eldred@example.net','(150)309-1764','2000-11-01 04:44:45','2020-06-25 06:35:25');
/*!40000 ALTER TABLE `users` ENABLE KEYS */;
UNLOCK TABLES;
/*!40103 SET TIME_ZONE=@OLD_TIME_ZONE */;

/*!40101 SET SQL_MODE=@OLD_SQL_MODE */;
/*!40014 SET FOREIGN_KEY_CHECKS=@OLD_FOREIGN_KEY_CHECKS */;
/*!40014 SET UNIQUE_CHECKS=@OLD_UNIQUE_CHECKS */;
/*!40101 SET CHARACTER_SET_CLIENT=@OLD_CHARACTER_SET_CLIENT */;
/*!40101 SET CHARACTER_SET_RESULTS=@OLD_CHARACTER_SET_RESULTS */;
/*!40101 SET COLLATION_CONNECTION=@OLD_COLLATION_CONNECTION */;
/*!40111 SET SQL_NOTES=@OLD_SQL_NOTES */;

-- Dump completed on 2020-06-26 22:29:13
